Date,Rate
2006-10-08,2.611
2006-10-09,2.6248
2006-10-10,2.6325
2006-10-11,2.6338
2006-10-12,2.638
2006-10-13,2.642
2006-10-16,2.6459
2006-10-17,2.6484
2006-10-18,2.6483
2006-10-19,2.6483
2006-10-20,2.6482
2006-10-23,2.648
2006-10-24,2.6481
2006-10-25,2.648
2006-10-26,2.6479
2006-10-27,2.6479
2006-10-30,2.6479
2006-10-31,2.6479
2006-11-01,2.6479
2006-11-02,2.6479
2006-11-03,2.6479
2006-11-06,2.6557
2006-11-07,2.683
2006-11-08,2.7082
2006-11-09,2.7236
2006-11-10,2.7401
2006-11-13,2.7551
2006-11-14,2.7707
2006-11-15,2.775
2006-11-16,2.7764
2006-11-17,2.7774
2006-11-20,2.7825
2006-11-21,2.7895
2006-11-22,2.7916
2006-11-23,2.7952
2006-11-24,2.8028
2006-11-27,2.8018
2006-11-28,2.8023
2006-11-29,2.8038
2006-11-30,2.8054
2006-12-01,2.8086
2006-12-04,2.809
2006-12-05,2.8096
2006-12-06,2.8093
2006-12-07,2.8094
2006-12-08,2.8096
2006-12-11,2.8089
2006-12-12,2.808
2006-12-13,2.808
2006-12-14,2.8079
2006-12-15,2.8073
2006-12-18,2.8076
2006-12-19,2.8072
2006-12-20,2.8066
2006-12-21,2.8069
2006-12-22,2.807
2006-12-25,2.8072
2006-12-26,2.8073
2006-12-27,2.8076
2006-12-28,2.8079
2006-12-29,2.808
2006-12-30,2.8081
2006-12-31,2.8082
2007-01-04,2.8077
2007-01-05,2.8079
2007-01-08,2.808
2007-01-09,2.8083
2007-01-10,2.8082
2007-01-11,2.8081
2007-01-12,2.8079
2007-01-15,2.8078
2007-01-16,2.8079
2007-01-17,2.8079
2007-01-18,2.808
2007-01-19,2.808
2007-01-22,2.8081
2007-01-23,2.8081
2007-01-24,2.8082
2007-01-25,2.8082
2007-01-26,2.8082
2007-01-29,2.8082
2007-01-30,2.8083
2007-01-31,2.8083
2007-02-01,2.8083
2007-02-02,2.8083
2007-02-05,2.8084
2007-02-06,2.8085
2007-02-07,2.8153
2007-02-08,2.8204
2007-02-09,2.8433
2007-02-12,2.8757
2007-02-13,2.8745
2007-02-14,2.8772
2007-02-15,2.8792
2007-02-16,2.8727
2007-02-17,2.865
2007-02-25,2.8654
2007-02-26,2.8637
2007-02-27,2.8616
2007-02-28,2.8539
2007-03-01,2.8468
2007-03-02,2.8394
2007-03-05,2.8332
2007-03-06,2.8292
2007-03-07,2.8247
2007-03-08,2.8231
2007-03-09,2.8217
2007-03-12,2.8215
2007-03-13,2.8211
2007-03-14,2.8203
2007-03-15,2.821
2007-03-16,2.8214
2007-03-19,2.8335
2007-03-20,2.8357
2007-03-21,2.8401
2007-03-22,2.8447
2007-03-23,2.848
2007-03-26,2.8499
2007-03-27,2.854
2007-03-28,2.8574
2007-03-29,2.8592
2007-03-30,2.861
2007-04-02,2.8643
2007-04-03,2.8643
2007-04-04,2.8652
2007-04-05,2.8656
2007-04-06,2.8695
2007-04-09,2.8779
2007-04-10,2.8822
2007-04-11,2.8873
2007-04-12,2.8894
2007-04-13,2.8904
2007-04-16,2.8932
2007-04-17,2.9016
2007-04-18,2.9049
2007-04-19,2.9379
2007-04-20,2.9532
2007-04-23,2.9651
2007-04-24,2.9721
2007-04-25,2.976
2007-04-26,2.9737
2007-04-27,2.9745
2007-04-28,2.9685
2007-04-29,2.9601
2007-04-30,2.9574
2007-05-08,2.955
2007-05-09,2.9532
2007-05-10,2.9553
2007-05-11,2.959
2007-05-14,2.9699
2007-05-15,2.9695
2007-05-16,2.9669
2007-05-17,2.9634
2007-05-18,2.9629
2007-05-21,2.9826
2007-05-22,3.0017
2007-05-23,3.0196
2007-05-24,3.0327
2007-05-25,3.038
2007-05-28,3.0424
2007-05-29,3.0445
2007-05-30,3.0459
2007-05-31,3.0472
2007-06-01,3.0472
2007-06-04,3.0502
2007-06-05,3.0519
2007-06-06,3.0544
2007-06-07,3.0501
2007-06-08,3.0486
2007-06-11,3.0495
2007-06-12,3.0503
2007-06-13,3.0522
2007-06-14,3.0553
2007-06-15,3.0573
2007-06-18,3.0585
2007-06-19,3.061
2007-06-20,3.0633
2007-06-21,3.0664
2007-06-22,3.0708
2007-06-25,3.0766
2007-06-26,3.0781
2007-06-27,3.078
2007-06-28,3.0827
2007-06-29,3.0868
2007-07-02,3.1032
2007-07-03,3.1051
2007-07-04,3.1073
2007-07-05,3.1094
2007-07-06,3.1135
2007-07-09,3.1236
2007-07-10,3.1241
2007-07-11,3.1326
2007-07-12,3.1339
2007-07-13,3.1376
2007-07-16,3.1394
2007-07-17,3.1408
2007-07-18,3.1421
2007-07-19,3.1422
2007-07-20,3.1421
2007-07-23,3.167
2007-07-24,3.1822
2007-07-25,3.1883
2007-07-26,3.1904
2007-07-27,3.1934
2007-07-30,3.1938
2007-07-31,3.1924
2007-08-01,3.1948
2007-08-02,3.193
2007-08-03,3.1941
2007-08-06,3.1944
2007-08-07,3.1934
2007-08-08,3.1947
2007-08-09,3.1957
2007-08-10,3.1969
2007-08-13,3.1976
2007-08-14,3.1978
2007-08-15,3.1986
2007-08-16,3.1998
2007-08-17,3.2004
2007-08-20,3.201
2007-08-21,3.2013
2007-08-22,3.248
2007-08-23,3.2537
2007-08-24,3.2591
2007-08-27,3.2607
2007-08-28,3.2637
2007-08-29,3.2691
2007-08-30,3.2743
2007-08-31,3.2793
2007-09-03,3.2832
2007-09-04,3.2864
2007-09-05,3.2915
2007-09-06,3.3
2007-09-07,3.328
2007-09-10,3.3473
2007-09-11,3.3556
2007-09-12,3.3629
2007-09-13,3.3723
2007-09-14,3.3918
2007-09-17,3.4666
2007-09-18,3.5073
2007-09-19,3.5266
2007-09-20,3.6236
2007-09-21,3.7448
2007-09-24,3.8113
2007-09-25,3.8395
2007-09-26,3.8553
2007-09-27,3.8642
2007-09-28,3.8557
2007-09-29,3.8588
2007-09-30,3.8534
2007-10-08,3.8482
2007-10-09,3.8508
2007-10-10,3.8567
2007-10-11,3.864
2007-10-12,3.8691
2007-10-15,3.8707
2007-10-16,3.8721
2007-10-17,3.8746
2007-10-18,3.8757
2007-10-19,3.8804
2007-10-22,3.8848
2007-10-23,3.902
2007-10-24,3.9231
2007-10-25,3.9504
2007-10-26,4.0045
2007-10-29,4.0081
2007-10-30,4.028
2007-10-31,4.0516
2007-11-01,4.076
2007-11-02,4.0907
2007-11-05,4.1192
2007-11-06,4.1374
2007-11-07,4.1691
2007-11-08,4.1988
2007-11-09,4.2165
2007-11-12,4.2275
2007-11-13,4.2554
2007-11-14,4.2796
2007-11-15,4.2943
2007-11-16,4.2993
2007-11-19,4.3013
2007-11-20,4.3158
2007-11-21,4.3227
2007-11-22,4.3236
2007-11-23,4.3403
2007-11-26,4.3464
2007-11-27,4.344
2007-11-28,4.3554
2007-11-29,4.3579
2007-11-30,4.3535
2007-12-03,4.3527
2007-12-04,4.3515
2007-12-05,4.3522
2007-12-06,4.3533
2007-12-07,4.3472
2007-12-10,4.3467
2007-12-11,4.3465
2007-12-12,4.3485
2007-12-13,4.3484
2007-12-14,4.3458
2007-12-17,4.3473
2007-12-18,4.3548
2007-12-19,4.352
2007-12-20,4.3574
2007-12-21,4.389
2007-12-24,4.3993
2007-12-25,4.4087
2007-12-26,4.4135
2007-12-27,4.4195
2007-12-28,4.4254
2007-12-29,4.4348
2008-01-02,4.4404
2008-01-03,4.4427
2008-01-04,4.4446
2008-01-07,4.4472
2008-01-08,4.4565
2008-01-09,4.4618
2008-01-10,4.4613
2008-01-11,4.4671
2008-01-14,4.4692
2008-01-15,4.4764
2008-01-16,4.482
2008-01-17,4.4888
2008-01-18,4.4907
2008-01-21,4.4952
2008-01-22,4.4981
2008-01-23,4.5003
2008-01-24,4.5033
2008-01-25,4.5057
2008-01-28,4.5051
2008-01-29,4.5044
2008-01-30,4.5027
2008-01-31,4.5052
2008-02-01,4.5062
2008-02-02,4.5032
2008-02-03,4.5041
2008-02-04,4.5047
2008-02-05,4.5029
2008-02-13,4.5048
2008-02-14,4.5033
2008-02-15,4.5041
2008-02-18,4.5043
2008-02-19,4.5042
2008-02-20,4.5047
2008-02-21,4.5037
2008-02-22,4.5068
2008-02-25,4.5059
2008-02-26,4.5054
2008-02-27,4.5015
2008-02-28,4.5013
2008-02-29,4.5018
2008-03-03,4.5016
2008-03-04,4.5018
2008-03-05,4.502
2008-03-06,4.4994
2008-03-07,4.5001
2008-03-10,4.5012
2008-03-11,4.503
2008-03-12,4.5022
2008-03-13,4.5012
2008-03-14,4.5011
2008-03-17,4.5011
2008-03-18,4.5003
2008-03-19,4.5012
2008-03-20,4.5014
2008-03-21,4.5016
2008-03-24,4.5018
2008-03-25,4.4998
2008-03-26,4.4994
2008-03-27,4.4986
2008-03-28,4.4986
2008-03-31,4.4982
2008-04-01,4.4986
2008-04-02,4.4979
2008-04-03,4.4963
2008-04-07,4.4943
2008-04-08,4.4957
2008-04-09,4.4951
2008-04-10,4.4945
2008-04-11,4.4956
2008-04-14,4.4963
2008-04-15,4.4973
2008-04-16,4.498
2008-04-17,4.4958
2008-04-18,4.4945
2008-04-21,4.4918
2008-04-22,4.4916
2008-04-23,4.4927
2008-04-24,4.4913
2008-04-25,4.4904
2008-04-28,4.4895
2008-04-29,4.4897
2008-04-30,4.4904
2008-05-04,4.4906
2008-05-05,4.4912
2008-05-06,4.492
2008-05-07,4.4921
2008-05-08,4.493
2008-05-09,4.4933
2008-05-12,4.4947
2008-05-13,4.4947
2008-05-14,4.4939
2008-05-15,4.4941
2008-05-16,4.4938
2008-05-19,4.4932
2008-05-20,4.4927
2008-05-21,4.493
2008-05-22,4.4928
2008-05-23,4.4942
2008-05-26,4.4911
2008-05-27,4.4915
2008-05-28,4.4929
2008-05-29,4.4851
2008-05-30,4.4804
2008-06-02,4.4844
2008-06-03,4.4846
2008-06-04,4.4851
2008-06-05,4.4836
2008-06-06,4.4857
2008-06-10,4.4864
2008-06-11,4.4837
2008-06-12,4.4809
2008-06-13,4.4608
2008-06-16,4.465
2008-06-17,4.4655
2008-06-18,4.4701
2008-06-19,4.4729
2008-06-20,4.4751
2008-06-23,4.4786
2008-06-24,4.4771
2008-06-25,4.4794
2008-06-26,4.4801
2008-06-27,4.4814
2008-06-30,4.4833
2008-07-01,4.4894
2008-07-02,4.4879
2008-07-03,4.4867
2008-07-04,4.4839
2008-07-07,4.466
2008-07-08,4.4569
2008-07-09,4.4518
2008-07-10,4.4468
2008-07-11,4.4306
2008-07-14,4.4274
2008-07-15,4.4237
2008-07-16,4.4185
2008-07-17,4.417
2008-07-18,4.4058
2008-07-21,4.4027
2008-07-22,4.3988
2008-07-23,4.3867
2008-07-24,4.3686
2008-07-25,4.362
2008-07-28,4.3393
2008-07-29,4.3499
2008-07-30,4.3491
2008-07-31,4.3473
2008-08-01,4.3473
2008-08-04,4.3488
2008-08-05,4.3345
2008-08-06,4.3342
2008-08-07,4.3217
2008-08-08,4.3152
2008-08-11,4.3261
2008-08-12,4.3228
2008-08-13,4.3187
2008-08-14,4.3268
2008-08-15,4.3141
2008-08-18,4.3153
2008-08-19,4.3242
2008-08-20,4.324
2008-08-21,4.3241
2008-08-22,4.3249
2008-08-25,4.3178
2008-08-26,4.3208
2008-08-27,4.3239
2008-08-28,4.3223
2008-08-29,4.3246
2008-09-01,4.3214
2008-09-02,4.3224
2008-09-03,4.3125
2008-09-04,4.3138
2008-09-05,4.3106
2008-09-08,4.3156
2008-09-09,4.3145
2008-09-10,4.3213
2008-09-11,4.318
2008-09-12,4.3216
2008-09-16,4.3039
2008-09-17,4.2935
2008-09-18,4.29
2008-09-19,4.2964
2008-09-22,4.3012
2008-09-23,4.3059
2008-09-24,4.3072
2008-09-25,4.3086
2008-09-26,4.3065
2008-09-27,4.3034
2008-09-28,4.3047
2008-10-06,4.3042
2008-10-07,4.3049
2008-10-08,4.3017
2008-10-09,4.2721
2008-10-10,4.2661
2008-10-13,4.2554
2008-10-14,4.2453
2008-10-15,4.2339
2008-10-16,4.2206
2008-10-17,4.209
2008-10-20,4.2077
2008-10-21,4.2024
2008-10-22,4.194
2008-10-23,4.1842
2008-10-24,4.1768
2008-10-27,4.1666
2008-10-28,4.148
2008-10-29,4.1335
2008-10-30,4.0941
2008-10-31,4.0655
2008-11-03,4.0359
2008-11-04,4.0121
2008-11-05,3.9902
2008-11-06,3.9739
2008-11-07,3.9598
2008-11-10,3.9405
2008-11-11,3.9081
2008-11-12,3.8723
2008-11-13,3.8439
2008-11-14,3.8101
2008-11-17,3.7725
2008-11-18,3.7275
2008-11-19,3.6873
2008-11-20,3.6431
2008-11-21,3.5982
2008-11-24,3.5518
2008-11-25,3.5146
2008-11-26,3.4735
2008-11-27,2.813
2008-11-28,2.7534
2008-12-01,2.7162
2008-12-02,2.6862
2008-12-03,2.6733
2008-12-04,2.6516
2008-12-05,2.6233
2008-12-08,2.589
2008-12-09,2.556
2008-12-10,2.5198
2008-12-11,2.4513
2008-12-12,2.3861
2008-12-15,2.3452
2008-12-16,2.3159
2008-12-17,2.2818
2008-12-18,2.2469
2008-12-19,2.2
2008-12-22,2.1683
2008-12-23,2.0653
2008-12-24,1.9966
2008-12-25,1.9461
2008-12-26,1.9051
2008-12-29,1.8551
2008-12-30,1.8052
2008-12-31,1.7782
2009-01-04,1.7446
2009-01-05,1.698
2009-01-06,1.6516
2009-01-07,1.6206
2009-01-08,1.5899
2009-01-09,1.5535
2009-01-12,1.5241
2009-01-13,1.4985
2009-01-14,1.482
2009-01-15,1.4679
2009-01-16,1.449
2009-01-19,1.4328
2009-01-20,1.4231
2009-01-21,1.4066
2009-01-22,1.3997
2009-01-23,1.3852
2009-01-24,1.3809
2009-02-01,1.3656
2009-02-02,1.3472
2009-02-03,1.3438
2009-02-04,1.3399
2009-02-05,1.3331
2009-02-06,1.3278
2009-02-09,1.3239
2009-02-10,1.315
2009-02-11,1.3087
2009-02-12,1.3038
2009-02-13,1.2995
2009-02-16,1.2948
2009-02-17,1.2916
2009-02-18,1.2867
2009-02-19,1.2845
2009-02-20,1.2829
2009-02-23,1.2846
2009-02-24,1.2807
2009-02-25,1.2793
2009-02-26,1.2779
2009-02-27,1.2748
2009-03-02,1.2716
2009-03-03,1.2716
2009-03-04,1.2714
2009-03-05,1.2688
2009-03-06,1.2659
2009-03-09,1.2652
2009-03-10,1.2613
2009-03-11,1.2563
2009-03-12,1.2538
2009-03-13,1.2522
2009-03-16,1.2488
2009-03-17,1.2469
2009-03-18,1.2445
2009-03-19,1.2443
2009-03-20,1.2415
2009-03-23,1.2391
2009-03-24,1.2364
2009-03-25,1.2341
2009-03-26,1.2318
2009-03-27,1.2293
2009-03-30,1.2275
2009-03-31,1.2241
2009-04-01,1.2232
2009-04-02,1.2228
2009-04-03,1.2214
2009-04-07,1.2191
2009-04-08,1.2177
2009-04-09,1.2153
2009-04-10,1.2144
2009-04-13,1.2133
2009-04-14,1.2129
2009-04-15,1.2121
2009-04-16,1.2113
2009-04-17,1.211
2009-04-20,1.2101
2009-04-21,1.2115
2009-04-22,1.2133
2009-04-23,1.213
2009-04-24,1.2137
2009-04-27,1.214
2009-04-28,1.2133
2009-04-29,1.2141
2009-04-30,1.2144
2009-05-04,1.2152
2009-05-05,1.2153
2009-05-06,1.2141
2009-05-07,1.2128
2009-05-08,1.2117
2009-05-11,1.2107
2009-05-12,1.2096
2009-05-13,1.2086
2009-05-14,1.2068
2009-05-15,1.2044
2009-05-18,1.2044
2009-05-19,1.2055
2009-05-20,1.2062
2009-05-21,1.2059
2009-05-22,1.2065
2009-05-25,1.2151
2009-05-26,1.2181
2009-05-27,1.2217
2009-05-31,1.2226
2009-06-01,1.2248
2009-06-02,1.225
2009-06-03,1.2249
2009-06-04,1.2258
2009-06-05,1.2274
2009-06-08,1.2269
2009-06-09,1.2243
2009-06-10,1.2261
2009-06-11,1.2272
2009-06-12,1.2303
2009-06-15,1.2323
2009-06-16,1.2341
2009-06-17,1.2345
2009-06-18,1.2371
2009-06-19,1.258
2009-06-22,1.2748
2009-06-23,1.2825
2009-06-24,1.2908
2009-06-25,1.2925
2009-06-26,1.2978
2009-06-29,1.3068
2009-06-30,1.3179
2009-07-01,1.3215
2009-07-02,1.323
2009-07-03,1.3263
2009-07-06,1.3298
2009-07-07,1.3361
2009-07-08,1.3428
2009-07-09,1.3681
2009-07-10,1.3836
2009-07-13,1.4037
2009-07-14,1.4112
2009-07-15,1.4245
2009-07-16,1.4429
2009-07-17,1.4757
2009-07-20,1.5107
2009-07-21,1.5667
2009-07-22,1.5898
2009-07-23,1.6051
2009-07-24,1.6137
2009-07-27,1.6269
2009-07-28,1.6414
2009-07-29,1.6523
2009-07-30,1.663
2009-07-31,1.6713
2009-08-03,1.6815
2009-08-04,1.6894
2009-08-05,1.695
2009-08-06,1.7054
2009-08-07,1.7135
2009-08-10,1.7206
2009-08-11,1.7279
2009-08-12,1.7285
2009-08-13,1.7319
2009-08-14,1.7336
2009-08-17,1.7371
2009-08-18,1.7391
2009-08-19,1.7391
2009-08-20,1.7366
2009-08-21,1.7335
2009-08-24,1.7324
2009-08-25,1.7316
2009-08-26,1.7334
2009-08-27,1.7333
2009-08-28,1.7327
2009-08-31,1.7334
2009-09-01,1.7358
2009-09-02,1.7385
2009-09-03,1.7404
2009-09-04,1.742
2009-09-07,1.7433
2009-09-08,1.7439
2009-09-09,1.7441
2009-09-10,1.745
2009-09-11,1.7449
2009-09-14,1.7458
2009-09-15,1.7483
2009-09-16,1.7501
2009-09-17,1.7523
2009-09-18,1.7539
2009-09-21,1.756
2009-09-22,1.7574
2009-09-23,1.7597
2009-09-24,1.7616
2009-09-25,1.7635
2009-09-27,1.7639
2009-09-28,1.7639
2009-09-29,1.7657
2009-09-30,1.7687
2009-10-09,1.7703
2009-10-10,1.7712
2009-10-12,1.7716
2009-10-13,1.7725
2009-10-14,1.7729
2009-10-15,1.7743
2009-10-16,1.7762
2009-10-19,1.7794
2009-10-20,1.7812
2009-10-21,1.7818
2009-10-22,1.7812
2009-10-23,1.7821
2009-10-26,1.784
2009-10-27,1.7861
2009-10-28,1.7883
2009-10-29,1.7884
2009-10-30,1.7894
2009-11-02,1.7911
2009-11-03,1.792
2009-11-04,1.7927
2009-11-05,1.7933
2009-11-06,1.794
2009-11-09,1.7955
2009-11-10,1.7971
2009-11-11,1.7968
2009-11-12,1.7967
2009-11-13,1.7957
2009-11-16,1.7977
2009-11-17,1.798
2009-11-18,1.7985
2009-11-19,1.8007
2009-11-20,1.8021
2009-11-23,1.8036
2009-11-24,1.804
2009-11-25,1.8044
2009-11-26,1.8031
2009-11-27,1.8047
2009-11-30,1.8064
2009-12-01,1.8082
2009-12-02,1.8085
2009-12-03,1.8092
2009-12-04,1.8102
2009-12-07,1.8102
2009-12-08,1.8114
2009-12-09,1.812
2009-12-10,1.8137
2009-12-11,1.8152
2009-12-14,1.8157
2009-12-15,1.8171
2009-12-16,1.8183
2009-12-17,1.8189
2009-12-18,1.8193
2009-12-21,1.8194
2009-12-22,1.8215
2009-12-23,1.8264
2009-12-24,1.8292
2009-12-25,1.8284
2009-12-28,1.8305
2009-12-29,1.8318
2009-12-30,1.8324
2009-12-31,1.8319
2010-01-04,1.8312
2010-01-05,1.8298
2010-01-06,1.8288
2010-01-07,1.8321
2010-01-08,1.8369
2010-01-11,1.8403
2010-01-12,1.8439
2010-01-13,1.8522
2010-01-14,1.8584
2010-01-15,1.8649
2010-01-18,1.8674
2010-01-19,1.8723
2010-01-20,1.875
2010-01-21,1.8819
2010-01-22,1.8866
2010-01-25,1.889
2010-01-26,1.893
2010-01-27,1.8963
2010-01-28,1.9017
2010-01-29,1.9048
2010-02-01,1.9074
2010-02-02,1.9074
2010-02-03,1.9081
2010-02-04,1.9061
2010-02-05,1.9051
2010-02-08,1.9055
2010-02-09,1.9128
2010-02-10,1.9203
2010-02-11,1.9305
2010-02-12,1.928
2010-02-20,1.9327
2010-02-21,1.9375
2010-02-22,1.9365
2010-02-23,1.9351
2010-02-24,1.9394
2010-02-25,1.9421
2010-02-26,1.9443
2010-03-01,1.9436
2010-03-02,1.9467
2010-03-03,1.9455
2010-03-04,1.9465
2010-03-05,1.9461
2010-03-08,1.9433
2010-03-09,1.9453
2010-03-10,1.9436
2010-03-11,1.9419
2010-03-12,1.9416
2010-03-15,1.9407
2010-03-16,1.9405
2010-03-17,1.9406
2010-03-18,1.943
2010-03-19,1.942
2010-03-22,1.941
2010-03-23,1.9413
2010-03-24,1.9415
2010-03-25,1.9408
2010-03-26,1.9405
2010-03-29,1.943
2010-03-30,1.9408
2010-03-31,1.9419
2010-04-01,1.9394
2010-04-02,1.9378
2010-04-06,1.9395
2010-04-07,1.9409
2010-04-08,1.9401
2010-04-09,1.9388
2010-04-12,1.9392
2010-04-13,1.9396
2010-04-14,1.9392
2010-04-15,1.94
2010-04-16,1.9418
2010-04-19,1.9413
2010-04-20,1.9412
2010-04-21,1.942
2010-04-22,1.938
2010-04-23,1.9384
2010-04-26,1.9376
2010-04-27,1.9373
2010-04-28,1.9364
2010-04-29,1.9394
2010-04-30,1.9398
2010-05-04,1.941
2010-05-05,1.9433
2010-05-06,1.9465
2010-05-07,1.9479
2010-05-10,1.9489
2010-05-11,1.9478
2010-05-12,1.9459
2010-05-13,1.9459
2010-05-14,1.9464
2010-05-17,1.9477
2010-05-18,1.9513
2010-05-19,1.9497
2010-05-20,1.95
2010-05-21,1.9542
2010-05-24,1.9658
2010-05-25,1.9923
2010-05-26,2.0389
2010-05-27,2.0677
2010-05-28,2.0925
2010-05-31,2.1201
2010-06-01,2.1885
2010-06-02,2.224
2010-06-03,2.2584
2010-06-04,2.2536
2010-06-07,2.252
2010-06-08,2.2669
2010-06-09,2.2803
2010-06-10,2.2994
2010-06-11,2.3128
2010-06-12,2.3327
2010-06-13,2.357
2010-06-17,2.3716
2010-06-18,2.4137
2010-06-21,2.4621
2010-06-22,2.5215
2010-06-23,2.5622
2010-06-24,2.6033
2010-06-25,2.6259
2010-06-28,2.6288
2010-06-29,2.638
2010-06-30,2.6308
2010-07-01,2.6261
2010-07-02,2.621
2010-07-05,2.6126
2010-07-06,2.6149
2010-07-07,2.6069
2010-07-08,2.5978
2010-07-09,2.5944
2010-07-12,2.5978
2010-07-13,2.5953
2010-07-14,2.5905
2010-07-15,2.5849
2010-07-16,2.5814
2010-07-19,2.5709
2010-07-20,2.5692
2010-07-21,2.5483
2010-07-22,2.5298
2010-07-23,2.5165
2010-07-26,2.5039
2010-07-27,2.4768
2010-07-28,2.4647
2010-07-29,2.4609
2010-07-30,2.4475
2010-08-02,2.4468
2010-08-03,2.4447
2010-08-04,2.443
2010-08-05,2.4473
2010-08-06,2.4528
2010-08-09,2.4557
2010-08-10,2.4625
2010-08-11,2.4674
2010-08-12,2.4646
2010-08-13,2.4651
2010-08-16,2.4663
2010-08-17,2.4687
2010-08-18,2.4671
2010-08-19,2.4673
2010-08-20,2.4672
2010-08-23,2.4654
2010-08-24,2.4686
2010-08-25,2.4688
2010-08-26,2.4723
2010-08-27,2.4896
2010-08-30,2.5035
2010-08-31,2.512
2010-09-01,2.5151
2010-09-02,2.5127
2010-09-03,2.5144
2010-09-06,2.5286
2010-09-07,2.5319
2010-09-08,2.5358
2010-09-09,2.538
2010-09-10,2.5388
2010-09-13,2.5418
2010-09-14,2.5512
2010-09-15,2.5608
2010-09-16,2.5657
2010-09-17,2.5677
2010-09-19,2.5644
2010-09-20,2.5689
2010-09-21,2.5732
2010-09-25,2.5749
2010-09-26,2.5863
2010-09-27,2.5972
2010-09-28,2.6046
2010-09-29,2.6092
2010-09-30,2.6113
2010-10-08,2.6164
2010-10-09,2.6169
2010-10-11,2.6215
2010-10-12,2.6362
2010-10-13,2.6406
2010-10-14,2.6442
2010-10-15,2.6506
2010-10-18,2.6528
2010-10-19,2.6533
2010-10-20,2.7331
2010-10-21,2.7643
2010-10-22,2.7893
2010-10-25,2.8034
2010-10-26,2.8115
2010-10-27,2.8165
2010-10-28,2.8265
2010-10-29,2.8302
2010-11-01,2.8344
2010-11-02,2.8391
2010-11-03,2.8412
2010-11-04,2.8448
2010-11-05,2.8452
2010-11-08,2.847
2010-11-09,2.8575
2010-11-10,2.865
2010-11-11,2.8727
2010-11-12,2.8817
2010-11-15,2.887
2010-11-16,2.8907
2010-11-17,2.8922
2010-11-18,2.8956
2010-11-19,2.8996
2010-11-22,2.9174
2010-11-23,2.9688
2010-11-24,3.0127
2010-11-25,3.0707
2010-11-26,3.1367
2010-11-29,3.1925
2010-11-30,3.2498
2010-12-01,3.2865
2010-12-02,3.3274
2010-12-03,3.3453
2010-12-06,3.374
2010-12-07,3.394
2010-12-08,3.42
2010-12-09,3.5292
2010-12-10,3.632
2010-12-13,3.666
2010-12-14,3.7205
2010-12-15,3.8158
2010-12-16,3.8548
2010-12-17,3.8842
2010-12-20,3.9181
2010-12-21,3.9496
2010-12-22,4.113
2010-12-23,4.179
2010-12-24,4.3264
2010-12-27,4.5641
2010-12-28,4.6021
2010-12-29,4.6236
2010-12-30,4.6216
2010-12-31,4.6234
2011-01-04,4.5583
2011-01-05,4.522
2011-01-06,4.4648
2011-01-07,4.4184
2011-01-10,4.3408
2011-01-11,4.2643
2011-01-12,4.1951
2011-01-13,4.172
2011-01-14,4.1398
2011-01-17,4.1383
2011-01-18,4.1671
2011-01-19,4.3572
2011-01-20,4.6839
2011-01-21,4.9322
2011-01-24,5.0497
2011-01-25,5.2502
2011-01-26,5.4415
2011-01-27,5.5597
2011-01-28,5.6207
2011-01-30,5.7059
2011-01-31,5.7464
2011-02-01,5.6437
2011-02-09,5.7299
2011-02-10,5.6362
2011-02-11,5.4415
2011-02-12,5.1854
2011-02-14,5.0048
2011-02-15,4.825
2011-02-16,4.765
2011-02-17,4.7215
2011-02-18,4.7145
2011-02-21,4.8776
2011-02-22,4.9333
2011-02-23,4.9357
2011-02-24,4.9197
2011-02-25,4.925
2011-02-28,4.9107
2011-03-01,4.8281
2011-03-02,4.6752
2011-03-03,4.5258
2011-03-04,4.4645
2011-03-07,4.4015
2011-03-08,4.3203
2011-03-09,4.2237
2011-03-10,4.1944
2011-03-11,4.1845
2011-03-14,4.1903
2011-03-15,4.2129
2011-03-16,4.2207
2011-03-17,4.2401
2011-03-18,4.2461
2011-03-21,4.2684
2011-03-22,4.2684
2011-03-23,4.2654
2011-03-24,4.2517
2011-03-25,4.2388
2011-03-28,4.2072
2011-03-29,4.1666
2011-03-30,4.1656
2011-03-31,4.169
2011-04-01,4.1788
2011-04-02,4.1765
2011-04-06,4.2293
2011-04-07,4.2491
2011-04-08,4.2531
2011-04-11,4.2522
2011-04-12,4.248
2011-04-13,4.2463
2011-04-14,4.2387
2011-04-15,4.2373
2011-04-18,4.2671
2011-04-19,4.288
2011-04-20,4.3058
2011-04-21,4.3449
2011-04-22,4.3771
2011-04-25,4.4797
2011-04-26,4.5218
2011-04-27,4.5315
2011-04-28,4.5339
2011-04-29,4.5387
2011-05-03,4.539
2011-05-04,4.5165
2011-05-05,4.5209
2011-05-06,4.5083
2011-05-09,4.5101
2011-05-10,4.4986
2011-05-11,4.4944
2011-05-12,4.4909
2011-05-13,4.5138
2011-05-16,4.5257
2011-05-17,4.5455
2011-05-18,4.5622
2011-05-19,4.5603
2011-05-20,4.5625
2011-05-23,4.5682
2011-05-24,4.5933
2011-05-25,4.6263
2011-05-26,4.644
2011-05-27,4.642
2011-05-30,4.6003
2011-05-31,4.6059
2011-06-01,4.6121
2011-06-02,4.6002
2011-06-03,4.5925
2011-06-07,4.5981
2011-06-08,4.6543
2011-06-09,4.7502
2011-06-10,4.7705
2011-06-13,4.8743
2011-06-14,4.9232
2011-06-15,5.2788
2011-06-16,5.5884
2011-06-17,5.6733
2011-06-20,5.7433
2011-06-21,5.8421
2011-06-22,6.0594
2011-06-23,6.383
2011-06-24,6.3893
2011-06-27,6.4302
2011-06-28,6.4611
2011-06-29,6.4571
2011-06-30,6.3917
2011-07-01,6.3867
2011-07-04,6.3579
2011-07-05,6.3481
2011-07-06,6.3333
2011-07-07,6.3302
2011-07-08,6.3057
2011-07-11,6.2398
2011-07-12,6.1912
2011-07-13,6.1102
2011-07-14,6.0853
2011-07-15,6.0216
2011-07-18,5.9927
2011-07-19,5.981
2011-07-20,5.9694
2011-07-21,5.956
2011-07-22,5.9688
2011-07-25,6.0383
2011-07-26,6.0283
2011-07-27,6.0198
2011-07-28,6.0002
2011-07-29,5.9993
2011-08-01,5.9712
2011-08-02,5.9085
2011-08-03,5.8897
2011-08-04,5.8493
2011-08-05,5.8066
2011-08-08,5.7463
2011-08-09,5.6908
2011-08-10,5.649
2011-08-11,5.5883
2011-08-12,5.5257
2011-08-15,5.4929
2011-08-16,5.4602
2011-08-17,5.4443
2011-08-18,5.4328
2011-08-19,5.4328
2011-08-22,5.4273
2011-08-23,5.4246
2011-08-24,5.4049
2011-08-25,5.3848
2011-08-26,5.3546
2011-08-29,5.4867
2011-08-30,5.5113
2011-08-31,5.5444
2011-09-01,5.5774
2011-09-02,5.5753
2011-09-05,5.6079
2011-09-06,5.611
2011-09-07,5.6509
2011-09-08,5.6554
2011-09-09,5.6513
2011-09-13,5.6272
2011-09-14,5.6304
2011-09-15,5.6209
2011-09-16,5.6167
2011-09-19,5.6138
2011-09-20,5.6216
2011-09-21,5.6393
2011-09-22,5.6289
2011-09-23,5.6328
2011-09-26,5.6195
2011-09-27,5.6269
2011-09-28,5.6391
2011-09-29,5.6399
2011-09-30,5.6466
2011-10-08,5.6421
2011-10-09,5.6412
2011-10-10,5.648
2011-10-11,5.6503
2011-10-12,5.6343
2011-10-13,5.632
2011-10-14,5.6343
2011-10-17,5.6404
2011-10-18,5.6235
2011-10-19,5.6179
2011-10-20,5.604
2011-10-21,5.617
2011-10-24,5.6136
2011-10-25,5.6363
2011-10-26,5.6354
2011-10-27,5.6522
2011-10-28,5.6643
2011-10-31,5.7048
2011-11-01,5.7693
2011-11-02,5.7033
2011-11-03,5.7017
2011-11-04,5.7043
2011-11-07,5.7221
2011-11-08,5.71
2011-11-09,5.7046
2011-11-10,5.6842
2011-11-11,5.6542
2011-11-14,5.6617
2011-11-15,5.6608
2011-11-16,5.6558
2011-11-17,5.6575
2011-11-18,5.655
2011-11-21,5.665
2011-11-22,5.6707
2011-11-23,5.6692
2011-11-24,5.6673
2011-11-25,5.6673
2011-11-28,5.6514
2011-11-29,5.6696
2011-11-30,5.6654
2011-12-01,5.6054
2011-12-02,5.5433
2011-12-05,5.53
2011-12-06,5.5183
2011-12-07,5.4842
2011-12-08,5.4711
2011-12-09,5.4682
2011-12-12,5.4607
2011-12-13,5.4511
2011-12-14,5.4459
2011-12-15,5.4471
2011-12-16,5.4506
2011-12-19,5.4505
2011-12-20,5.4563
2011-12-21,5.4484
2011-12-22,5.456
2011-12-23,5.4612
2011-12-26,5.4572
2011-12-27,5.4686
2011-12-28,5.4757
2011-12-29,5.4742
2011-12-30,5.4749
2011-12-31,5.4691
2012-01-04,5.4655
2012-01-05,5.4615
2012-01-06,5.46
2012-01-09,5.4602
2012-01-10,5.4616
2012-01-11,5.442
2012-01-12,5.4498
2012-01-13,5.457
2012-01-16,5.4844
2012-01-17,5.5147
2012-01-18,5.5883
2012-01-19,5.5498
2012-01-20,5.5071
2012-01-21,5.4815
2012-01-29,5.4742
2012-01-30,5.4705
2012-01-31,5.4668
2012-02-01,5.4586
2012-02-02,5.4515
2012-02-03,5.4391
2012-02-06,5.431
2012-02-07,5.3811
2012-02-08,5.3611
2012-02-09,5.3313
2012-02-10,5.3142
2012-02-13,5.2982
2012-02-14,5.284
2012-02-15,5.2774
2012-02-16,5.284
2012-02-17,5.3061
2012-02-20,5.3148
2012-02-21,5.306
2012-02-22,5.3055
2012-02-23,5.3044
2012-02-24,5.3043
2012-02-27,5.2974
2012-02-28,5.2828
2012-02-29,5.2775
2012-03-01,5.2665
2012-03-02,5.2506
2012-03-05,5.2383
2012-03-06,5.2158
2012-03-07,5.1689
2012-03-08,5.1397
2012-03-09,5.1081
2012-03-12,5.0835
2012-03-13,5.0629
2012-03-14,5.0461
2012-03-15,5.0195
2012-03-16,4.9999
2012-03-19,4.9818
2012-03-20,4.967
2012-03-21,4.9643
2012-03-22,4.95
2012-03-23,4.9515
2012-03-26,4.9446
2012-03-27,4.9474
2012-03-28,4.9282
2012-03-29,4.9114
2012-03-30,4.9024
2012-03-31,4.8832
2012-04-01,4.883
2012-04-05,4.8775
2012-04-06,4.876
2012-04-09,4.8659
2012-04-10,4.8543
2012-04-11,4.8446
2012-04-12,4.8399
2012-04-13,4.8368
2012-04-16,4.8355
2012-04-17,4.8194
2012-04-18,4.7934
2012-04-19,4.7768
2012-04-20,4.7658
2012-04-23,4.745
2012-04-24,4.7363
2012-04-25,4.724
2012-04-26,4.7165
2012-04-27,4.7113
2012-04-28,4.7037
2012-05-02,4.6985
2012-05-03,4.6919
2012-05-04,4.6844
2012-05-07,4.6728
2012-05-08,4.6628
2012-05-09,4.6479
2012-05-10,4.6298
2012-05-11,4.6178
2012-05-14,4.5584
2012-05-15,4.5223
2012-05-16,4.4876
2012-05-17,4.4612
2012-05-18,4.4331
2012-05-21,4.405
2012-05-22,4.3754
2012-05-23,4.3333
2012-05-24,4.3048
2012-05-25,4.27
2012-05-28,4.25
2012-05-29,4.232
2012-05-30,4.2213
2012-05-31,4.2068
2012-06-01,4.1968
2012-06-04,4.1921
2012-06-05,4.1818
2012-06-06,4.1766
2012-06-07,4.1701
2012-06-08,4.1163
2012-06-11,4.0972
2012-06-12,4.0835
2012-06-13,4.0649
2012-06-14,4.0523
2012-06-15,4.0419
2012-06-18,4.0343
2012-06-19,4.0247
2012-06-20,4.0402
2012-06-21,4.0517
2012-06-25,4.1036
2012-06-26,4.1132
2012-06-27,4.1093
2012-06-28,4.0844
2012-06-29,4.0778
2012-07-02,4.0732
2012-07-03,4.0674
2012-07-04,4.055
2012-07-05,4.0479
2012-07-06,4.0092
2012-07-09,3.9841
2012-07-10,3.9544
2012-07-11,3.9225
2012-07-12,3.8791
2012-07-13,3.8374
2012-07-16,3.8071
2012-07-17,3.7932
2012-07-18,3.7859
2012-07-19,3.7834
2012-07-20,3.7801
2012-07-23,3.7777
2012-07-24,3.7669
2012-07-25,3.7737
2012-07-26,3.7689
2012-07-27,3.7593
2012-07-30,3.7466
2012-07-31,3.7371
2012-08-01,3.7289
2012-08-02,3.7197
2012-08-03,3.6864
2012-08-06,3.674
2012-08-07,3.6587
2012-08-08,3.6393
2012-08-09,3.6099
2012-08-10,3.5893
2012-08-13,3.5793
2012-08-14,3.5823
2012-08-15,3.5892
2012-08-16,3.5994
2012-08-17,3.6113
2012-08-20,3.6263
2012-08-21,3.6508
2012-08-22,3.6533
2012-08-23,3.6543
2012-08-24,3.6548
2012-08-27,3.6284
2012-08-28,3.6379
2012-08-29,3.6335
2012-08-30,3.6314
2012-08-31,3.6325
2012-09-03,3.637
2012-09-04,3.637
2012-09-05,3.6397
2012-09-06,3.6365
2012-09-07,3.6373
2012-09-10,3.6389
2012-09-11,3.6465
2012-09-12,3.6461
2012-09-13,3.6496
2012-09-14,3.6501
2012-09-17,3.6497
2012-09-18,3.6505
2012-09-19,3.652
2012-09-20,3.6583
2012-09-21,3.6686
2012-09-24,3.6835
2012-09-25,3.6874
2012-09-26,3.6883
2012-09-27,3.6875
2012-09-28,3.6865
2012-09-29,3.6857
2012-10-08,3.6868
2012-10-09,3.6881
2012-10-10,3.689
2012-10-11,3.6997
2012-10-12,3.7026
2012-10-15,3.6992
2012-10-16,3.6994
2012-10-17,3.6991
2012-10-18,3.7037
2012-10-19,3.7075
2012-10-22,3.7019
2012-10-23,3.6918
2012-10-24,3.7039
2012-10-25,3.7086
2012-10-26,3.7108
2012-10-29,3.722
2012-10-30,3.7193
2012-10-31,3.7185
2012-11-01,3.7164
2012-11-02,3.7204
2012-11-05,3.722
2012-11-06,3.7221
2012-11-07,3.7285
2012-11-08,3.7332
2012-11-09,3.7407
2012-11-12,3.7559
2012-11-13,3.7694
2012-11-14,3.7699
2012-11-15,3.771
2012-11-16,3.7777
2012-11-19,3.7839
2012-11-20,3.7893
2012-11-21,3.79
2012-11-22,3.7979
2012-11-23,3.8012
2012-11-26,3.8055
2012-11-27,3.8125
2012-11-28,3.814
2012-11-29,3.821
2012-11-30,3.8256
2012-12-03,3.8252
2012-12-04,3.8319
2012-12-05,3.8347
2012-12-06,3.8398
2012-12-07,3.8431
2012-12-10,3.8488
2012-12-11,3.8513
2012-12-12,3.8547
2012-12-13,3.855
2012-12-14,3.8572
2012-12-17,3.8608
2012-12-18,3.8664
2012-12-19,3.8742
2012-12-20,3.8809
2012-12-21,3.8832
2012-12-24,3.888
2012-12-25,3.8923
2012-12-26,3.8954
2012-12-27,3.8961
2012-12-28,3.8965
2012-12-31,3.8996
2013-01-04,3.9
2013-01-05,3.9016
2013-01-06,3.9026
2013-01-07,3.9028
2013-01-08,3.9029
2013-01-09,3.9031
2013-01-10,3.9024
2013-01-11,3.9043
2013-01-14,3.9058
2013-01-15,3.9047
2013-01-16,3.9029
2013-01-17,3.9026
2013-01-18,3.8942
2013-01-21,3.8861
2013-01-22,3.8839
2013-01-23,3.88
2013-01-24,3.8804
2013-01-25,3.8831
2013-01-28,3.8863
2013-01-29,3.8872
2013-01-30,3.8876
2013-01-31,3.8878
2013-02-01,3.8883
2013-02-04,3.889
2013-02-05,3.8913
2013-02-06,3.8929
2013-02-07,3.8937
2013-02-08,3.8916
2013-02-16,3.8933
2013-02-17,3.8892
2013-02-18,3.886
2013-02-19,3.8817
2013-02-20,3.88
2013-02-21,3.88
2013-02-22,3.8798
2013-02-25,3.88
2013-02-26,3.8842
2013-02-27,3.8866
2013-02-28,3.8946
2013-03-01,3.8946
2013-03-04,3.892
2013-03-05,3.8918
2013-03-06,3.8866
2013-03-07,3.8837
2013-03-08,3.8812
2013-03-11,3.8816
2013-03-12,3.8822
2013-03-13,3.8833
2013-03-14,3.8821
2013-03-15,3.8836
2013-03-18,3.8801
2013-03-19,3.8802
2013-03-20,3.8804
2013-03-21,3.8794
2013-03-22,3.8801
2013-03-25,3.8801
2013-03-26,3.8802
2013-03-27,3.8811
2013-03-28,3.8814
2013-03-29,3.8805
2013-04-01,3.8804
2013-04-02,3.8804
2013-04-03,3.8804
2013-04-07,3.8814
2013-04-08,3.8818
2013-04-09,3.8812
2013-04-10,3.8818
2013-04-11,3.8803
2013-04-12,3.8803
2013-04-15,3.8802
2013-04-16,3.8803
2013-04-17,3.8803
2013-04-18,3.8803
2013-04-19,3.8813
2013-04-22,3.8828
2013-04-23,3.8844
2013-04-24,3.8837
2013-04-25,3.8857
2013-04-26,3.8843
2013-04-27,3.8821
2013-04-28,3.8821
2013-05-02,3.883
2013-05-03,3.8814
2013-05-06,3.881
2013-05-07,3.8808
2013-05-08,3.8804
2013-05-09,3.8803
2013-05-10,3.8802
2013-05-13,3.88
2013-05-14,3.8803
2013-05-15,3.8803
2013-05-16,3.8805
2013-05-17,3.8823
2013-05-20,3.8831
2013-05-21,3.8834
2013-05-22,3.8852
2013-05-23,3.8847
2013-05-24,3.8838
2013-05-27,3.8834
2013-05-28,3.8848
2013-05-29,3.8821
2013-05-30,3.8818
2013-05-31,3.8821
2013-06-03,3.8834
2013-06-04,3.8835
2013-06-05,3.8838
2013-06-06,3.8938
2013-06-07,4.574
2013-06-08,5.108
2013-06-09,5.145
2013-06-13,5.205
2013-06-14,5.29
2013-06-17,5.319
2013-06-18,5.329
2013-06-19,5.408
2013-06-20,5.803
2013-06-21,5.79
2013-06-24,5.724
2013-06-25,5.641
2013-06-26,5.582
2013-06-27,5.539
2013-06-28,5.439
2013-07-01,5.295
2013-07-02,5.211
2013-07-03,5.148
2013-07-04,5.029
2013-07-05,4.939
2013-07-08,4.794
2013-07-09,4.723
2013-07-10,4.704
2013-07-11,4.6955
2013-07-12,4.691
2013-07-15,4.6785
2013-07-16,4.6703
2013-07-17,4.662
2013-07-18,4.6578
2013-07-19,4.6525
2013-07-22,4.6515
2013-07-23,4.6517
2013-07-24,4.661
2013-07-25,4.6601
2013-07-26,4.667
2013-07-29,4.671
2013-07-30,4.667
2013-07-31,4.6645
2013-08-01,4.6635
2013-08-02,4.6595
2013-08-05,4.655
2013-08-06,4.6538
2013-08-07,4.6515
2013-08-08,4.6504
2013-08-09,4.6501
2013-08-12,4.65
2013-08-13,4.65
2013-08-14,4.65
2013-08-15,4.6502
2013-08-16,4.6503
2013-08-19,4.6573
2013-08-20,4.6636
2013-08-21,4.658
2013-08-22,4.662
2013-08-23,4.662
2013-08-26,4.6619
2013-08-27,4.6609
2013-08-28,4.6586
2013-08-29,4.658
2013-08-30,4.6572
2013-09-02,4.6561
2013-09-03,4.6558
2013-09-04,4.6566
2013-09-05,4.6566
2013-09-06,4.6573
2013-09-09,4.6564
2013-09-10,4.6549
2013-09-11,4.6559
2013-09-12,4.6563
2013-09-13,4.6571
2013-09-16,4.6569
2013-09-17,4.6579
2013-09-18,4.6584
2013-09-22,4.6617
2013-09-23,4.6717
2013-09-24,4.6731
2013-09-25,4.6715
2013-09-26,4.6732
2013-09-27,4.6722
2013-09-29,4.6732
2013-09-30,4.6704
2013-10-08,4.6685
2013-10-09,4.6682
2013-10-10,4.6681
2013-10-11,4.6679
2013-10-12,4.6673
2013-10-14,4.6661
2013-10-15,4.6655
2013-10-16,4.6654
2013-10-17,4.6681
2013-10-18,4.6695
2013-10-21,4.6775
2013-10-22,4.6813
2013-10-23,4.6843
2013-10-24,4.6876
2013-10-25,4.691
2013-10-28,4.6975
2013-10-29,4.6966
2013-10-30,4.6965
2013-10-31,4.6948
2013-11-01,4.6925
2013-11-04,4.6921
2013-11-05,4.693
2013-11-06,4.6926
2013-11-07,4.6933
2013-11-08,4.6944
2013-11-11,4.6962
2013-11-12,4.6978
2013-11-13,4.699
2013-11-14,4.6997
2013-11-15,4.706
2013-11-18,4.7095
2013-11-19,4.71
2013-11-20,4.7092
2013-11-21,4.711
2013-11-22,4.7118
2013-11-25,4.7132
2013-11-26,4.7156
2013-11-27,4.7211
2013-11-28,4.7181
2013-11-29,4.7229
2013-12-02,4.7197
2013-12-03,4.7365
2013-12-04,4.7778
2013-12-05,4.885
2013-12-06,5.167
2013-12-09,5.2581
2013-12-10,5.338
2013-12-11,5.332
2013-12-12,5.3222
2013-12-13,5.335
2013-12-16,5.331
2013-12-17,5.3537
2013-12-18,5.385
2013-12-19,5.4239
2013-12-20,5.458
2013-12-23,5.516
2013-12-24,5.5174
2013-12-25,5.522
2013-12-26,5.538
2013-12-27,5.5465
2013-12-30,5.553
2013-12-31,5.5565
2014-01-02,5.5657
2014-01-03,5.5661
2014-01-06,5.5732
2014-01-07,5.576
2014-01-08,5.5821
2014-01-09,5.5837
2014-01-10,5.5841
2014-01-13,5.5849
2014-01-14,5.5865
2014-01-15,5.5846
2014-01-16,5.5812
2014-01-17,5.5868
2014-01-20,5.5893
2014-01-21,5.591
2014-01-22,5.5924
2014-01-23,5.5926
2014-01-24,5.5946
2014-01-26,5.5962
2014-01-27,5.5989
2014-01-28,5.5998
2014-01-29,5.6
2014-01-30,5.6
2014-02-07,5.6
2014-02-08,5.605
2014-02-10,5.6031
2014-02-11,5.6005
2014-02-12,5.6012
2014-02-13,5.6037
2014-02-14,5.6005
2014-02-17,5.6
2014-02-18,5.6
2014-02-19,5.6
2014-02-20,5.596
2014-02-21,5.5775
2014-02-24,5.5665
2014-02-25,5.5585
2014-02-26,5.5415
2014-02-27,5.536
2014-02-28,5.529
2014-03-03,5.519
2014-03-04,5.515
2014-03-05,5.5105
2014-03-06,5.5067
2014-03-07,5.504
2014-03-10,5.502
2014-03-11,5.5002
2014-03-12,5.5
2014-03-13,5.5
2014-03-14,5.5
2014-03-17,5.5
2014-03-18,5.5
2014-03-19,5.5
2014-03-20,5.5
2014-03-21,5.5
2014-03-24,5.5
2014-03-25,5.5
2014-03-26,5.5
2014-03-27,5.5
2014-03-28,5.5
2014-03-31,5.5
2014-04-01,5.5
2014-04-02,5.5
2014-04-03,5.5
2014-04-04,5.5
2014-04-08,5.5
2014-04-09,5.5
2014-04-10,5.5
2014-04-11,5.5
2014-04-14,5.5
2014-04-15,5.5
2014-04-16,5.5
2014-04-17,5.5
2014-04-18,5.5
2014-04-21,5.5
2014-04-22,5.5
2014-04-23,5.5
2014-04-24,5.5
2014-04-25,5.49
2014-04-28,5.4982
2014-04-29,5.5
2014-04-30,5.495
2014-05-04,5.482
2014-05-05,5.4655
2014-05-06,5.4474
2014-05-07,5.4167
2014-05-08,5.3992
2014-05-09,5.3909
2014-05-12,5.3764
2014-05-13,5.3414
2014-05-14,5.3198
2014-05-15,5.2665
2014-05-16,5.2418
2014-05-19,5.2142
2014-05-20,5.1772
2014-05-21,5.1215
2014-05-22,5.0935
2014-05-23,5.0675
2014-05-26,5.0413
2014-05-27,5.0197
2014-05-28,4.9768
2014-05-29,4.9418
2014-05-30,4.925
2014-06-03,4.883
2014-06-04,4.855
2014-06-05,4.8393
2014-06-06,4.8259
2014-06-09,4.8181
2014-06-10,4.8095
2014-06-11,4.7941
2014-06-12,4.7862
2014-06-13,4.7794
2014-06-16,4.7777
2014-06-17,4.7825
2014-06-18,4.7767
2014-06-19,4.7692
2014-06-20,4.7751
2014-06-23,4.7761
2014-06-24,4.7679
2014-06-25,4.7582
2014-06-26,4.7478
2014-06-27,4.7482
2014-06-30,4.7499
2014-07-01,4.7499
2014-07-02,4.75
2014-07-03,4.75
2014-07-04,4.75
2014-07-07,4.7495
2014-07-08,4.75
2014-07-09,4.749
2014-07-10,4.7438
2014-07-11,4.7423
2014-07-14,4.7461
2014-07-15,4.7485
2014-07-16,4.7487
2014-07-17,4.7448
2014-07-18,4.7467
2014-07-21,4.7467
2014-07-22,4.7465
2014-07-23,4.7525
2014-07-24,4.7465
2014-07-25,4.7465
2014-07-28,4.7465
2014-07-29,4.739
2014-07-30,4.7316
2014-07-31,4.7215
2014-08-01,4.7149
2014-08-04,4.7081
2014-08-05,4.7049
2014-08-06,4.6982
2014-08-07,4.6941
2014-08-08,4.6921
2014-08-11,4.6916
2014-08-12,4.6905
2014-08-13,4.6882
2014-08-14,4.6834
2014-08-15,4.6811
2014-08-18,4.6805
2014-08-19,4.6791
2014-08-20,4.6804
2014-08-21,4.6786
2014-08-22,4.6764
2014-08-25,4.6758
2014-08-26,4.6695
2014-08-27,4.668
2014-08-28,4.6689
2014-08-29,4.6659
2014-09-01,4.6665
2014-09-02,4.6654
2014-09-03,4.6652
2014-09-04,4.6632
2014-09-05,4.6539
2014-09-09,4.6522
2014-09-10,4.6495
2014-09-11,4.642
2014-09-12,4.6421
2014-09-15,4.6393
2014-09-16,4.6349
2014-09-17,4.6296
2014-09-18,4.6206
2014-09-19,4.607
2014-09-22,4.5986
2014-09-23,4.587
2014-09-24,4.5741
2014-09-25,4.562
2014-09-26,4.5565
2014-09-28,4.5528
2014-09-29,4.55
2014-09-30,4.5445
2014-10-08,4.544
2014-10-09,4.5394
2014-10-10,4.535
2014-10-11,4.5364
2014-10-13,4.5352
2014-10-14,4.5346
2014-10-15,4.5255
2014-10-16,4.5208
2014-10-17,4.5148
2014-10-20,4.5052
2014-10-21,4.4978
2014-10-22,4.491
2014-10-23,4.4825
2014-10-24,4.4685
2014-10-27,4.466
2014-10-28,4.4502
2014-10-29,4.4503
2014-10-30,4.4495
2014-10-31,4.4472
2014-11-03,4.4407
2014-11-04,4.4358
2014-11-05,4.4234
2014-11-06,4.403
2014-11-07,4.3813
2014-11-10,4.3659
2014-11-11,4.351
2014-11-12,4.288
2014-11-13,4.25
2014-11-14,4.233
2014-11-17,4.209
2014-11-18,4.193
2014-11-19,4.1802
2014-11-20,4.1771
2014-11-21,4.1758
2014-11-24,4.145
2014-11-25,4.1562
2014-11-26,4.163
2014-11-27,4.1695
2014-11-28,4.1695
2014-12-01,4.1751
2014-12-02,4.183
2014-12-03,4.193
2014-12-04,4.1952
2014-12-05,4.2177
2014-12-08,4.229
2014-12-09,4.236
2014-12-10,4.248
2014-12-11,4.316
2014-12-12,4.3313
2014-12-15,4.42
2014-12-16,4.5652
2014-12-17,4.7355
2014-12-18,4.876
2014-12-19,5.001
2014-12-22,5.1066
2014-12-23,5.1615
2014-12-24,5.166
2014-12-25,5.155
2014-12-26,5.1485
2014-12-29,5.1385
2014-12-30,5.1398
2014-12-31,5.1351
2015-01-04,5.138
2015-01-05,5.125
2015-01-06,5.077
2015-01-07,5.019
2015-01-08,4.963
2015-01-09,4.925
2015-01-12,4.9061
2015-01-13,4.9055
2015-01-14,4.898
2015-01-15,4.894
2015-01-16,4.889
2015-01-19,4.894
2015-01-20,4.897
2015-01-21,4.9
2015-01-22,4.9
2015-01-23,4.901
2015-01-26,4.8935
2015-01-27,4.897
2015-01-28,4.9005
2015-01-29,4.907
2015-01-30,4.914
2015-02-02,4.9164
2015-02-03,4.9167
2015-02-04,4.928
2015-02-05,4.916
2015-02-06,4.908
2015-02-09,4.904
2015-02-10,4.899
2015-02-11,4.9
2015-02-12,4.901
2015-02-13,4.9
2015-02-15,4.9
2015-02-16,4.9
2015-02-17,4.9
2015-02-25,4.9
2015-02-26,4.9
2015-02-27,4.9
2015-02-28,4.9
2015-03-02,4.898
2015-03-03,4.8979
2015-03-04,4.8959
2015-03-05,4.896
2015-03-06,4.8978
2015-03-09,4.8979
2015-03-10,4.8988
2015-03-11,4.9
2015-03-12,4.9
2015-03-13,4.9
2015-03-16,4.905
2015-03-17,4.905
2015-03-18,4.906
2015-03-19,4.904
2015-03-20,4.902
2015-03-23,4.899
2015-03-24,4.898
2015-03-25,4.8975
2015-03-26,4.8975
2015-03-27,4.8975
2015-03-30,4.8975
2015-03-31,4.8975
2015-04-01,4.8975
2015-04-02,4.8975
2015-04-03,4.888
2015-04-07,4.8585
2015-04-08,4.8305
2015-04-09,4.8008
2015-04-10,4.7821
2015-04-13,4.7667
2015-04-14,4.7535
2015-04-15,4.7365
2015-04-16,4.72
2015-04-17,4.703
2015-04-20,4.6133
2015-04-21,4.4845
2015-04-22,4.4161
2015-04-23,4.3431
2015-04-24,4.2641
2015-04-27,4.161
2015-04-28,4.08
2015-04-29,4.035
2015-04-30,3.97
2015-05-04,3.923
2015-05-05,3.8815
2015-05-06,3.846
2015-05-07,3.823
2015-05-08,3.7985
2015-05-11,3.735
2015-05-12,3.681
2015-05-13,3.634
2015-05-14,3.482
2015-05-15,3.323
2015-05-18,3.2
2015-05-19,3.156
2015-05-20,3.071
2015-05-21,3.014
2015-05-22,2.959
2015-05-25,2.903
2015-05-26,2.881
2015-05-27,2.869
2015-05-28,2.865
2015-05-29,2.864
2015-06-01,2.8565
2015-06-02,2.862
2015-06-03,2.871
2015-06-04,2.8825
2015-06-05,2.885
2015-06-08,2.887
2015-06-09,2.902
2015-06-10,2.902
2015-06-11,2.909
2015-06-12,2.921
2015-06-15,2.96
2015-06-16,2.981
2015-06-17,2.999
2015-06-18,3.054
2015-06-19,3.105
2015-06-23,3.173
2015-06-24,3.211
2015-06-25,3.25
2015-06-26,3.277
2015-06-29,3.248
2015-06-30,3.233
2015-07-01,3.213
2015-07-02,3.212
2015-07-03,3.202
2015-07-06,3.203
2015-07-07,3.192
2015-07-08,3.186
2015-07-09,3.182
2015-07-10,3.177
2015-07-13,3.1709
2015-07-14,3.1642
2015-07-15,3.1598
2015-07-16,3.155
2015-07-17,3.152
2015-07-20,3.1505
2015-07-21,3.1512
2015-07-22,3.1563
2015-07-23,3.16
2015-07-24,3.1635
2015-07-27,3.1645
2015-07-28,3.1638
2015-07-29,3.1635
2015-07-30,3.1605
2015-07-31,3.1575
2015-08-03,3.153
2015-08-04,3.15
2015-08-05,3.143
2015-08-06,3.137
2015-08-07,3.127
2015-08-10,3.1223
2015-08-11,3.118
2015-08-12,3.1125
2015-08-13,3.101
2015-08-14,3.097
2015-08-17,3.091
2015-08-18,3.093
2015-08-19,3.094
2015-08-20,3.093
2015-08-21,3.09
2015-08-24,3.09
2015-08-25,3.091
2015-08-26,3.0975
2015-08-27,3.096
2015-08-28,3.098
2015-08-31,3.1
2015-09-01,3.1026
2015-09-02,3.1026
2015-09-06,3.104
2015-09-07,3.099
2015-09-08,3.095
2015-09-09,3.092
2015-09-10,3.093
2015-09-11,3.097
2015-09-14,3.106
2015-09-15,3.113
2015-09-16,3.116
2015-09-17,3.1268
2015-09-18,3.1355
2015-09-21,3.141
2015-09-22,3.1448
2015-09-23,3.1468
2015-09-24,3.1518
2015-09-25,3.153
2015-09-28,3.152
2015-09-29,3.153
2015-09-30,3.153
2015-10-08,3.1515
2015-10-09,3.1585
2015-10-10,3.1656
2015-10-12,3.173
2015-10-13,3.1825
2015-10-14,3.186
2015-10-15,3.1846
2015-10-16,3.1826
2015-10-19,3.1783
2015-10-20,3.175
2015-10-21,3.169
2015-10-22,3.157
2015-10-23,3.144
2015-10-26,3.084
2015-10-27,3.047
2015-10-28,3.038
2015-10-29,3.036
2015-10-30,3.036
2015-11-02,3.042
2015-11-03,3.0425
2015-11-04,3.0415
2015-11-05,3.0405
2015-11-06,3.0355
2015-11-09,3.033
2015-11-10,3.034
2015-11-11,3.034
2015-11-12,3.034
2015-11-13,3.034
2015-11-16,3.038
2015-11-17,3.04
2015-11-18,3.0441
2015-11-19,3.044
2015-11-20,3.044
2015-11-23,3.046
2015-11-24,3.05
2015-11-25,3.05
2015-11-26,3.05
2015-11-27,3.05
2015-11-30,3.05
2015-12-01,3.047
2015-12-02,3.042
2015-12-03,3.043
2015-12-04,3.043
2015-12-07,3.048
2015-12-08,3.051
2015-12-09,3.047
2015-12-10,3.046
2015-12-11,3.051
2015-12-14,3.0461
2015-12-15,3.051
2015-12-16,3.0475
2015-12-17,3.0481
2015-12-18,3.0501
2015-12-21,3.0551
2015-12-22,3.0611
2015-12-23,3.0735
2015-12-24,3.0774
2015-12-25,3.0825
2015-12-28,3.0878
2015-12-29,3.0882
2015-12-30,3.0882
2015-12-31,3.0852
2016-01-04,3.086
2016-01-05,3.086
2016-01-06,3.082
2016-01-07,3.0746
2016-01-08,3.067
2016-01-11,3.0585
2016-01-12,3.053
2016-01-13,3.041
2016-01-14,3.027
2016-01-15,3.008
2016-01-18,2.985
2016-01-19,2.976
2016-01-20,2.9705
2016-01-21,2.986
2016-01-22,3.031
2016-01-25,3.0415
2016-01-26,3.073
2016-01-27,3.104
2016-01-28,3.107
2016-01-29,3.103
2016-02-01,3.082
2016-02-02,3.081
2016-02-03,3.071
2016-02-04,3.061
2016-02-05,3.06
2016-02-06,3.058
2016-02-14,3.0495
2016-02-15,3.041
2016-02-16,3.029
2016-02-17,3.014
2016-02-18,3.004
2016-02-19,2.967
2016-02-22,2.947
2016-02-23,2.927
2016-02-24,2.901
2016-02-25,2.899
2016-02-26,2.899
2016-02-29,2.899
2016-03-01,2.8835
2016-03-02,2.857
2016-03-03,2.84
2016-03-04,2.832
2016-03-07,2.823
2016-03-08,2.814
2016-03-09,2.807
2016-03-10,2.804
2016-03-11,2.799
2016-03-14,2.793
2016-03-15,2.793
2016-03-16,2.793
2016-03-17,2.791
2016-03-18,2.793
2016-03-21,2.795
2016-03-22,2.797
2016-03-23,2.798
2016-03-24,2.799
2016-03-25,2.797
2016-03-28,2.797
2016-03-29,2.8002
2016-03-30,2.8115
2016-03-31,2.8248
2016-04-01,2.8385
2016-04-05,2.846
2016-04-06,2.845
2016-04-07,2.847
2016-04-08,2.8455
2016-04-11,2.8485
2016-04-12,2.847
2016-04-13,2.8485
2016-04-14,2.8487
2016-04-15,2.848
2016-04-18,2.848
2016-04-19,2.85
2016-04-20,2.851
2016-04-21,2.861
2016-04-22,2.868
2016-04-25,2.8735
2016-04-26,2.8775
2016-04-27,2.883
2016-04-28,2.8925
2016-04-29,2.908
2016-05-03,2.9044
2016-05-04,2.899
2016-05-05,2.896
2016-05-06,2.894
2016-05-09,2.892
2016-05-10,2.892
2016-05-11,2.894
2016-05-12,2.8955
2016-05-13,2.9035
2016-05-16,2.9075
2016-05-17,2.9158
2016-05-18,2.9227
2016-05-19,2.9273
2016-05-20,2.9288
2016-05-23,2.93
2016-05-24,2.933
2016-05-25,2.9385
2016-05-26,2.941
2016-05-27,2.942
2016-05-30,2.9455
2016-05-31,2.946
2016-06-01,2.946
2016-06-02,2.946
2016-06-03,2.947
2016-06-06,2.946
2016-06-07,2.946
2016-06-08,2.946
2016-06-12,2.946
2016-06-13,2.9476
2016-06-14,2.9508
2016-06-15,2.9521
2016-06-16,2.9523
2016-06-17,2.9568
2016-06-20,2.9572
2016-06-21,2.9573
2016-06-22,2.9593
2016-06-23,2.9605
2016-06-24,2.9626
2016-06-27,2.9618
2016-06-28,2.9638
2016-06-29,2.9639
2016-06-30,2.9659
2016-07-01,2.9661
2016-07-04,2.9672
2016-07-05,2.9605
2016-07-06,2.953
2016-07-07,2.9455
2016-07-08,2.936
2016-07-11,2.931
2016-07-12,2.924
2016-07-13,2.907
2016-07-14,2.888
2016-07-15,2.877
2016-07-18,2.87
2016-07-19,2.865
2016-07-20,2.8615
2016-07-21,2.8575
2016-07-22,2.856
2016-07-25,2.854
2016-07-26,2.851
2016-07-27,2.849
2016-07-28,2.8465
2016-07-29,2.846
2016-08-01,2.844
2016-08-02,2.839
2016-08-03,2.8335
2016-08-04,2.822
2016-08-05,2.8185
2016-08-08,2.815
2016-08-09,2.8105
2016-08-10,2.8085
2016-08-11,2.805
2016-08-12,2.8045
2016-08-15,2.8028
2016-08-16,2.7995
2016-08-17,2.796
2016-08-18,2.794
2016-08-19,2.793
2016-08-22,2.7944
2016-08-23,2.793
2016-08-24,2.794
2016-08-25,2.795
2016-08-26,2.796
2016-08-29,2.795
2016-08-30,2.795
2016-08-31,2.794
2016-09-01,2.791
2016-09-02,2.788
2016-09-05,2.786
2016-09-06,2.7845
2016-09-07,2.781
2016-09-08,2.781
2016-09-09,2.7831
2016-09-12,2.7849
2016-09-13,2.785
2016-09-14,2.7885
2016-09-18,2.7919
2016-09-19,2.796
2016-09-20,2.799
2016-09-21,2.8009
2016-09-22,2.803
2016-09-23,2.804
2016-09-26,2.804
2016-09-27,2.8025
2016-09-28,2.8015
2016-09-29,2.8015
2016-09-30,2.8015
2016-10-08,2.8015
2016-10-09,2.8015
2016-10-10,2.8015
2016-10-11,2.8015
2016-10-12,2.8015
2016-10-13,2.8025
2016-10-14,2.8025
2016-10-17,2.804
2016-10-18,2.804
2016-10-19,2.804
2016-10-20,2.8054
2016-10-21,2.8096
2016-10-24,2.813
2016-10-25,2.814
2016-10-26,2.8164
2016-10-27,2.8207
2016-10-28,2.8221
2016-10-31,2.8233
2016-11-01,2.8254
2016-11-02,2.8296
2016-11-03,2.838
2016-11-04,2.8458
2016-11-07,2.8576
2016-11-08,2.8648
2016-11-09,2.8655
2016-11-10,2.8701
2016-11-11,2.8751
2016-11-14,2.8846
2016-11-15,2.8955
2016-11-16,2.9125
2016-11-17,2.9325
2016-11-18,2.9505
2016-11-21,2.9701
2016-11-22,2.9765
2016-11-23,2.9857
2016-11-24,2.9956
2016-11-25,3.0026
2016-11-28,3.0113
2016-11-29,3.0172
2016-11-30,3.0358
2016-12-01,3.0556
2016-12-02,3.0686
2016-12-05,3.0889
2016-12-06,3.1039
2016-12-07,3.1134
2016-12-08,3.1144
2016-12-09,3.1265
2016-12-12,3.1377
2016-12-13,3.1498
2016-12-14,3.1568
2016-12-15,3.1635
2016-12-16,3.1774
2016-12-19,3.1898
2016-12-20,3.204
2016-12-21,3.2164
2016-12-22,3.2267
2016-12-23,3.2337
2016-12-26,3.2414
2016-12-27,3.2512
2016-12-28,3.2592
2016-12-29,3.2651
2016-12-30,3.2726
2017-01-03,3.2813
2017-01-04,3.2912
2017-01-05,3.3384
2017-01-06,3.4388
2017-01-09,3.5152
2017-01-10,3.5526
2017-01-11,3.5853
2017-01-12,3.6536
2017-01-13,3.6874
2017-01-16,3.7018
2017-01-17,3.7222
2017-01-18,3.7491
2017-01-19,3.803
2017-01-20,3.8213
2017-01-22,3.8301
2017-01-23,3.8401
2017-01-24,3.8401
2017-01-25,3.8551
2017-01-26,3.8706
2017-02-03,3.9175
2017-02-04,3.9348
2017-02-06,3.9497
2017-02-07,4.016
2017-02-08,4.1094
2017-02-09,4.144
2017-02-10,4.1727
2017-02-13,4.2029
2017-02-14,4.2148
2017-02-15,4.2394
2017-02-16,4.2518
2017-02-17,4.2567
2017-02-20,4.2622
2017-02-21,4.2704
2017-02-22,4.2778
2017-02-23,4.284
2017-02-24,4.2829
2017-02-27,4.2804
2017-02-28,4.2841
2017-03-01,4.2881
2017-03-02,4.2904
2017-03-03,4.2905
2017-03-06,4.2925
2017-03-07,4.2918
2017-03-08,4.2932
2017-03-09,4.2943
2017-03-10,4.2942
2017-03-13,4.2925
2017-03-14,4.2925
2017-03-15,4.2933
2017-03-16,4.3267
2017-03-17,4.3507
2017-03-20,4.3711
2017-03-21,4.3846
2017-03-22,4.4077
2017-03-23,4.4396
2017-03-24,4.4516
2017-03-27,4.4364
2017-03-28,4.423
2017-03-29,4.4135
2017-03-30,4.3995
2017-03-31,4.393
2017-04-01,4.3642
2017-04-05,4.3355
2017-04-06,4.3183
2017-04-07,4.301
2017-04-10,4.2906
2017-04-11,4.2774
2017-04-12,4.2653
2017-04-13,4.2631
2017-04-14,4.2634
2017-04-17,4.2609
2017-04-18,4.2621
2017-04-19,4.2661
2017-04-20,4.2725
2017-04-21,4.2781
2017-04-24,4.2789
2017-04-25,4.2839
2017-04-26,4.2884
2017-04-27,4.2917
2017-04-28,4.2974
2017-05-02,4.3002
2017-05-03,4.3309
2017-05-04,4.3476
2017-05-05,4.3608
2017-05-08,4.3731
2017-05-09,4.3848
2017-05-10,4.3933
2017-05-11,4.4083
2017-05-12,4.4088
2017-05-15,4.4184
2017-05-16,4.4278
2017-05-17,4.4349
2017-05-18,4.4439
2017-05-19,4.4641
2017-05-22,4.4744
2017-05-23,4.4956
2017-05-24,4.5177
2017-05-25,4.5338
2017-05-26,4.5424
2017-05-27,4.5528
2017-05-31,4.5641
2017-06-01,4.5779
2017-06-02,4.6012
2017-06-05,4.6225
2017-06-06,4.6577
2017-06-07,4.6988
2017-06-08,4.7306
2017-06-09,4.7555
2017-06-12,4.7763
2017-06-13,4.7827
2017-06-14,4.7827
2017-06-15,4.7723
2017-06-16,4.7613
2017-06-19,4.747
2017-06-20,4.7141
2017-06-21,4.688
2017-06-22,4.6521
2017-06-23,4.63
2017-06-26,4.6125
2017-06-27,4.5833
2017-06-28,4.5522
2017-06-29,4.5211
2017-06-30,4.5009
2017-07-03,4.4857
2017-07-04,4.4606
2017-07-05,4.4285
2017-07-06,4.3876
2017-07-07,4.3607
2017-07-10,4.3421
2017-07-11,4.3212
2017-07-12,4.3088
2017-07-13,4.29
2017-07-14,4.281
2017-07-17,4.2706
2017-07-18,4.2666
2017-07-19,4.26
2017-07-20,4.2551
2017-07-21,4.255
2017-07-24,4.255
2017-07-25,4.254
2017-07-26,4.251
2017-07-27,4.25
2017-07-28,4.2514
2017-07-31,4.2561
2017-08-01,4.2631
2017-08-02,4.2681
2017-08-03,4.2704
2017-08-04,4.2724
2017-08-07,4.2733
2017-08-08,4.2735
2017-08-09,4.2818
2017-08-10,4.2867
2017-08-11,4.2979
2017-08-14,4.3148
2017-08-15,4.3268
2017-08-16,4.3363
2017-08-17,4.3417
2017-08-18,4.344
2017-08-21,4.3464
2017-08-22,4.3505
2017-08-23,4.3571
2017-08-24,4.3619
2017-08-25,4.3689
2017-08-28,4.374
2017-08-29,4.3765
2017-08-30,4.3867
2017-08-31,4.3728
2017-09-01,4.3741
2017-09-04,4.4023
2017-09-05,4.4173
2017-09-06,4.4271
2017-09-07,4.4348
2017-09-08,4.4281
2017-09-11,4.4034
2017-09-12,4.3768
2017-09-13,4.3711
2017-09-14,4.3675
2017-09-15,4.3647
2017-09-18,4.3643
2017-09-19,4.3638
2017-09-20,4.367
2017-09-21,4.3675
2017-09-22,4.3611
2017-09-25,4.3578
2017-09-26,4.3558
2017-09-27,4.3565
2017-09-28,4.356
2017-09-29,4.3561
2017-09-30,4.3565
2017-10-09,4.3502
2017-10-10,4.3541
2017-10-11,4.3555
2017-10-12,4.3581
2017-10-13,4.3599
2017-10-16,4.3668
2017-10-17,4.3711
2017-10-18,4.3729
2017-10-19,4.3737
2017-10-20,4.3758
2017-10-23,4.3793
2017-10-24,4.3803
2017-10-25,4.383
2017-10-26,4.3845
2017-10-27,4.3901
2017-10-30,4.3926
2017-10-31,4.3954
2017-11-01,4.408
2017-11-02,4.4099
2017-11-03,4.4217
2017-11-06,4.4294
2017-11-07,4.4314
2017-11-08,4.4377
2017-11-09,4.4568
2017-11-10,4.4747
2017-11-13,4.5155
2017-11-14,4.5346
2017-11-15,4.5455
2017-11-16,4.5656
2017-11-17,4.6016
2017-11-20,4.6222
2017-11-21,4.6243
2017-11-22,4.6375
2017-11-23,4.6518
2017-11-24,4.6722
2017-11-27,4.7103
2017-11-28,4.728
2017-11-29,4.7438
2017-11-30,4.7594
2017-12-01,4.7639
2017-12-04,4.7804
2017-12-05,4.7901
2017-12-06,4.783
2017-12-07,4.7873
2017-12-08,4.7918
2017-12-11,4.7992
2017-12-12,4.799
2017-12-13,4.8039
2017-12-14,4.8144
2017-12-15,4.8175
2017-12-18,4.8348
2017-12-19,4.8385
2017-12-20,4.8559
2017-12-21,4.8676
2017-12-22,4.8908
2017-12-25,4.9092
2017-12-26,4.909
2017-12-27,4.9129
2017-12-28,4.9123
2017-12-29,4.9133
2018-01-02,4.804
2018-01-03,4.73
2018-01-04,4.687
2018-01-05,4.6637
2018-01-08,4.6594
2018-01-09,4.657
2018-01-10,4.6607
2018-01-11,4.6701
2018-01-12,4.6791
2018-01-15,4.683
2018-01-16,4.6843
2018-01-17,4.6935
2018-01-18,4.7044
2018-01-19,4.7115
2018-01-22,4.7122
2018-01-23,4.7163
2018-01-24,4.7267
2018-01-25,4.7317
2018-01-26,4.7292
2018-01-29,4.727
2018-01-30,4.7267
2018-01-31,4.7257
2018-02-01,4.7276
2018-02-02,4.7278
2018-02-05,4.7258
2018-02-06,4.7206
2018-02-07,4.707
2018-02-08,4.696
2018-02-09,4.6936
2018-02-11,4.6974
2018-02-12,4.696
2018-02-13,4.7006
2018-02-14,4.7031
2018-02-22,4.7054
2018-02-23,4.7076
2018-02-24,4.7078
2018-02-26,4.7128
2018-02-27,4.7103
2018-02-28,4.7131
2018-03-01,4.7154
2018-03-02,4.7191
2018-03-05,4.722
2018-03-06,4.7332
2018-03-07,4.7364
2018-03-08,4.7407
2018-03-09,4.741
2018-03-12,4.735
2018-03-13,4.725
2018-03-14,4.719
2018-03-15,4.7139
2018-03-16,4.712
2018-03-19,4.704
2018-03-20,4.685
2018-03-21,4.6751
2018-03-22,4.6621
2018-03-23,4.6489
2018-03-26,4.6351
2018-03-27,4.6239
2018-03-28,4.6174
2018-03-29,4.5247
2018-03-30,4.4615
2018-04-02,4.4052
2018-04-03,4.3506
2018-04-04,4.3101
2018-04-08,4.2781
2018-04-09,4.2579
2018-04-10,4.229
2018-04-11,4.209
2018-04-12,4.199
2018-04-13,4.179
2018-04-16,4.173
2018-04-17,4.174
2018-04-18,4.103
2018-04-19,4.05
2018-04-20,4.017
2018-04-23,4.004
2018-04-24,3.991
2018-04-25,3.984
2018-04-26,3.992
2018-04-27,4.007
2018-04-28,4.005
2018-05-02,4.003
2018-05-03,3.993
2018-05-04,3.993
2018-05-07,3.9943
2018-05-08,3.9994
2018-05-09,4.013
2018-05-10,4.034
2018-05-11,4.05
2018-05-14,4.06
2018-05-15,4.072
2018-05-16,4.082
2018-05-17,4.101
2018-05-18,4.147
2018-05-21,4.151
2018-05-22,4.16
2018-05-23,4.173
2018-05-24,4.193
2018-05-25,4.215
2018-05-28,4.242
2018-05-29,4.282
2018-05-30,4.312
2018-05-31,4.329
2018-06-01,4.339
2018-06-04,4.341
2018-06-05,4.346
2018-06-06,4.354
2018-06-07,4.35
2018-06-08,4.351
2018-06-11,4.353
2018-06-12,4.352
2018-06-13,4.351
2018-06-14,4.351
2018-06-15,4.352
2018-06-19,4.346
2018-06-20,4.334
2018-06-21,4.329
2018-06-22,4.305
2018-06-25,4.272
2018-06-26,4.261
2018-06-27,4.242
2018-06-28,4.192
2018-06-29,4.155
2018-07-02,4.104
2018-07-03,3.9944
2018-07-04,3.919
2018-07-05,3.818
2018-07-06,3.74
2018-07-09,3.682
2018-07-10,3.649
2018-07-11,3.632
2018-07-12,3.626
2018-07-13,3.613
2018-07-16,3.608
2018-07-17,3.601
2018-07-18,3.588
2018-07-19,3.561
2018-07-20,3.536
2018-07-23,3.503
2018-07-24,3.475
2018-07-25,3.419
2018-07-26,3.363
2018-07-27,3.303
2018-07-30,3.233
2018-07-31,3.174
2018-08-01,3.119
2018-08-02,3.056
2018-08-03,3.003
2018-08-06,2.954
2018-08-07,2.895
2018-08-08,2.842
2018-08-09,2.816
2018-08-10,2.801
2018-08-13,2.791
2018-08-14,2.799
2018-08-15,2.807
2018-08-16,2.813
2018-08-17,2.817
2018-08-20,2.83
2018-08-21,2.856
2018-08-22,2.878
2018-08-23,2.887
2018-08-24,2.889
2018-08-27,2.895
2018-08-28,2.899
2018-08-29,2.897
2018-08-30,2.894
2018-08-31,2.894
2018-09-03,2.887
2018-09-04,2.878
2018-09-05,2.85
2018-09-06,2.845
2018-09-07,2.851
2018-09-10,2.842
2018-09-11,2.848
2018-09-12,2.846
2018-09-13,2.843
2018-09-14,2.83
2018-09-17,2.822
2018-09-18,2.82
2018-09-19,2.818
2018-09-20,2.812
2018-09-21,2.815
2018-09-25,2.827
2018-09-26,2.83
2018-09-27,2.838
2018-09-28,2.843
2018-09-29,2.846
2018-09-30,2.847
2018-10-08,2.836
2018-10-09,2.816
2018-10-10,2.81
2018-10-11,2.801
2018-10-12,2.8
2018-10-15,2.801
2018-10-16,2.8
2018-10-17,2.818
2018-10-18,2.832
2018-10-19,2.842
2018-10-22,2.871
2018-10-23,2.903
2018-10-24,2.924
2018-10-25,2.948
2018-10-26,2.952
2018-10-29,2.958
2018-10-30,2.957
2018-10-31,2.963
2018-11-01,2.976
2018-11-02,2.981
2018-11-05,2.986
2018-11-06,2.991
2018-11-07,2.997
2018-11-08,3.0
2018-11-09,3.001
2018-11-12,3.001
2018-11-13,3.004
2018-11-14,3.008
2018-11-15,3.01
2018-11-16,3.023
2018-11-19,3.035
2018-11-20,3.053
2018-11-21,3.06
2018-11-22,3.064
2018-11-23,3.073
2018-11-26,3.085
2018-11-27,3.096
2018-11-28,3.104
2018-11-29,3.1094
2018-11-30,3.113
2018-12-03,3.117
2018-12-04,3.126
2018-12-05,3.133
2018-12-06,3.133
2018-12-07,3.136
2018-12-10,3.142
2018-12-11,3.145
2018-12-12,3.147
2018-12-13,3.149
2018-12-14,3.156
2018-12-17,3.164
2018-12-18,3.174
2018-12-19,3.181
2018-12-20,3.199
2018-12-21,3.209
2018-12-24,3.23
2018-12-25,3.273
2018-12-26,3.309
2018-12-27,3.339
2018-12-28,3.357
2018-12-29,3.346
2019-01-02,3.285
2019-01-03,3.246
2019-01-04,3.215
2019-01-07,3.141
2019-01-08,3.093
2019-01-09,3.065
2019-01-10,3.031
2019-01-11,3.007
2019-01-14,2.984
2019-01-15,2.962
2019-01-16,2.942
2019-01-17,2.93
2019-01-18,2.918
2019-01-21,2.915
2019-01-22,2.914
2019-01-23,2.909
2019-01-24,2.904
2019-01-25,2.902
2019-01-28,2.901
2019-01-29,2.9
2019-01-30,2.901
2019-01-31,2.9
2019-02-01,2.9
2019-02-02,2.9
2019-02-03,2.9
2019-02-11,2.898
2019-02-12,2.872
2019-02-13,2.852
2019-02-14,2.83
2019-02-15,2.802
2019-02-18,2.797
2019-02-19,2.778
2019-02-20,2.759
2019-02-21,2.749
2019-02-22,2.749
2019-02-25,2.752
2019-02-26,2.756
2019-02-27,2.756
2019-02-28,2.751
2019-03-01,2.75
2019-03-04,2.75
2019-03-05,2.75
2019-03-06,2.75
2019-03-07,2.751
2019-03-08,2.755
2019-03-11,2.7565
2019-03-12,2.761
2019-03-13,2.768
2019-03-14,2.777
2019-03-15,2.799
2019-03-18,2.814
2019-03-19,2.823
2019-03-20,2.833
2019-03-21,2.838
2019-03-22,2.837
2019-03-25,2.836
2019-03-26,2.828
2019-03-27,2.819
2019-03-28,2.807
2019-03-29,2.801
2019-04-01,2.795
2019-04-02,2.786
2019-04-03,2.767
2019-04-04,2.758
2019-04-08,2.754
2019-04-09,2.751
2019-04-10,2.755
2019-04-11,2.76
2019-04-12,2.761
2019-04-15,2.768
2019-04-16,2.774
2019-04-17,2.787
2019-04-18,2.806
2019-04-19,2.817
2019-04-22,2.822
2019-04-23,2.833
2019-04-24,2.855
2019-04-25,2.88
2019-04-26,2.896
2019-04-28,2.909
2019-04-29,2.923
2019-04-30,2.93
2019-05-05,2.935
2019-05-06,2.934
2019-05-07,2.922
2019-05-08,2.91
2019-05-09,2.903
2019-05-10,2.895
2019-05-13,2.889
2019-05-14,2.891
2019-05-15,2.893
2019-05-16,2.896
2019-05-17,2.9
2019-05-20,2.9
2019-05-21,2.9
2019-05-22,2.903
2019-05-23,2.901
2019-05-24,2.902
2019-05-27,2.904
2019-05-28,2.915
2019-05-29,2.917
2019-05-30,2.916
2019-05-31,2.912
2019-06-03,2.904
2019-06-04,2.902
2019-06-05,2.916
2019-06-06,2.924
2019-06-10,2.932
2019-06-11,2.94
2019-06-12,2.943
2019-06-13,2.944
2019-06-14,2.947
2019-06-17,2.947
2019-06-18,2.943
2019-06-19,2.929
2019-06-20,2.911
2019-06-21,2.895
2019-06-24,2.859
2019-06-25,2.809
2019-06-26,2.758
2019-06-27,2.722
2019-06-28,2.708
2019-07-01,2.681
2019-07-02,2.657
2019-07-03,2.641
2019-07-04,2.627
2019-07-05,2.606
2019-07-08,2.603
2019-07-09,2.601
2019-07-10,2.6
2019-07-11,2.6
2019-07-12,2.6
2019-07-15,2.6
2019-07-16,2.609
2019-07-17,2.613
2019-07-18,2.623
2019-07-19,2.631
2019-07-22,2.628
2019-07-23,2.628
2019-07-24,2.625
2019-07-25,2.625
2019-07-26,2.629
2019-07-29,2.631
2019-07-30,2.636
2019-07-31,2.644
2019-08-01,2.646
2019-08-02,2.649
2019-08-05,2.646
2019-08-06,2.635
2019-08-07,2.623
2019-08-08,2.618
2019-08-09,2.618
2019-08-12,2.625
2019-08-13,2.644
2019-08-14,2.656
2019-08-15,2.661
2019-08-16,2.666
2019-08-19,2.669
2019-08-20,2.671
2019-08-21,2.674
2019-08-22,2.682
2019-08-23,2.69
2019-08-26,2.694
2019-08-27,2.7
2019-08-28,2.702
2019-08-29,2.7002
2019-08-30,2.701
2019-09-02,2.7
2019-09-03,2.701
2019-09-04,2.702
2019-09-05,2.704
2019-09-06,2.708
2019-09-09,2.707
2019-09-10,2.707
2019-09-11,2.707
2019-09-12,2.709
2019-09-16,2.71
2019-09-17,2.708
2019-09-18,2.706
2019-09-19,2.709
2019-09-20,2.717
2019-09-23,2.725
2019-09-24,2.729
2019-09-25,2.729
2019-09-26,2.732
2019-09-27,2.726
2019-09-29,2.727
2019-09-30,2.728
2019-10-08,2.724
2019-10-09,2.72
2019-10-10,2.718
2019-10-11,2.718
2019-10-12,2.719
2019-10-14,2.722
2019-10-15,2.731
2019-10-16,2.732
2019-10-17,2.736
2019-10-18,2.746
2019-10-21,2.763
2019-10-22,2.793
2019-10-23,2.808
2019-10-24,2.824
2019-10-25,2.831
2019-10-28,2.84
2019-10-29,2.847
2019-10-30,2.864
2019-10-31,2.887
2019-11-01,2.897
2019-11-04,2.919
2019-11-05,2.933
2019-11-06,2.948
2019-11-07,2.953
2019-11-08,2.953
2019-11-11,2.955
2019-11-12,2.965
2019-11-13,2.981
2019-11-14,3.0
2019-11-15,3.02
2019-11-18,3.032
2019-11-19,3.033
2019-11-20,3.032
2019-11-21,3.034
2019-11-22,3.037
2019-11-25,3.029
2019-11-26,3.02
2019-11-27,3.019
2019-11-28,3.016
2019-11-29,3.017
2019-12-02,3.017
2019-12-03,3.015
2019-12-04,3.019
2019-12-05,3.022
2019-12-06,3.0245
2019-12-09,3.025
2019-12-10,3.028
2019-12-11,3.03
2019-12-12,3.0305
2019-12-13,3.0325
2019-12-16,3.0324
2019-12-17,3.036
2019-12-18,3.04
2019-12-19,3.043
2019-12-20,3.041
2019-12-23,3.04
2019-12-24,3.0335
2019-12-25,3.0325
2019-12-26,3.0295
2019-12-27,3.0255
2019-12-30,3.021
2019-12-31,3.02
2020-01-02,2.994
2020-01-03,2.96
2020-01-06,2.92
2020-01-07,2.899
2020-01-08,2.881
2020-01-09,2.867
2020-01-10,2.864
2020-01-13,2.858
2020-01-14,2.862
2020-01-15,2.865
2020-01-16,2.868
2020-01-17,2.868
2020-01-19,2.863
2020-01-20,2.86
2020-01-21,2.859
2020-01-22,2.858
2020-01-23,2.858
2020-02-03,2.852
2020-02-04,2.824
2020-02-05,2.799
2020-02-06,2.776
2020-02-07,2.753
2020-02-10,2.723
2020-02-11,2.679
2020-02-12,2.639
2020-02-13,2.605
2020-02-14,2.565
2020-02-17,2.545
2020-02-18,2.525
2020-02-19,2.51
2020-02-20,2.5
2020-02-21,2.489
2020-02-24,2.476
2020-02-25,2.459
2020-02-26,2.442
2020-02-27,2.433
2020-02-28,2.429
2020-03-02,2.408
2020-03-03,2.375
2020-03-04,2.332
2020-03-05,2.29
2020-03-06,2.258
2020-03-09,2.238
2020-03-10,2.225
2020-03-11,2.224
2020-03-12,2.223
2020-03-13,2.202
2020-03-16,2.175
2020-03-17,2.145
2020-03-18,2.12
2020-03-19,2.104
2020-03-20,2.087
2020-03-23,2.072
2020-03-24,2.056
2020-03-25,2.01
2020-03-26,1.977
2020-03-27,1.966
2020-03-30,1.948
2020-03-31,1.933
2020-04-01,1.918
2020-04-02,1.889
2020-04-03,1.844
2020-04-07,1.73
2020-04-08,1.647
2020-04-09,1.558
2020-04-10,1.507
2020-04-13,1.485
2020-04-14,1.46
2020-04-15,1.447
2020-04-16,1.428
2020-04-17,1.403
2020-04-20,1.394
2020-04-21,1.396
2020-04-22,1.391
2020-04-23,1.396
2020-04-24,1.396
2020-04-26,1.397
2020-04-27,1.397
2020-04-28,1.398
2020-04-29,1.399
2020-04-30,1.4
2020-05-06,1.4
2020-05-07,1.4
2020-05-08,1.4
2020-05-09,1.399
2020-05-11,1.398
2020-05-12,1.398
2020-05-13,1.398
2020-05-14,1.399
2020-05-15,1.399
2020-05-18,1.398
2020-05-19,1.399
2020-05-20,1.399
2020-05-21,1.4
2020-05-22,1.4
2020-05-25,1.4
2020-05-26,1.405
2020-05-27,1.415
2020-05-28,1.43
2020-05-29,1.453
2020-06-01,1.456
2020-06-02,1.462
2020-06-03,1.494
2020-06-04,1.536
2020-06-05,1.594
2020-06-08,1.658
2020-06-09,1.727
2020-06-10,1.816
2020-06-11,1.904
2020-06-12,1.956
2020-06-15,1.987
2020-06-16,2.019
2020-06-17,2.056
2020-06-18,2.078
2020-06-19,2.095
2020-06-22,2.097
2020-06-23,2.109
2020-06-24,2.121
2020-06-28,2.129
2020-06-29,2.127
2020-06-30,2.126
2020-07-01,2.122
2020-07-02,2.113
2020-07-03,2.105
2020-07-06,2.104
2020-07-07,2.103
2020-07-08,2.111
2020-07-09,2.122
2020-07-10,2.143
2020-07-13,2.163
2020-07-14,2.192
2020-07-15,2.241
2020-07-16,2.286
2020-07-17,2.356
2020-07-20,2.404
2020-07-21,2.466
2020-07-22,2.501
2020-07-23,2.541
2020-07-24,2.557
2020-07-27,2.574
2020-07-28,2.578
2020-07-29,2.586
2020-07-30,2.59
2020-07-31,2.593
2020-08-03,2.595
2020-08-04,2.598
2020-08-05,2.6
2020-08-06,2.6
2020-08-07,2.603
2020-08-10,2.601
2020-08-11,2.6
2020-08-12,2.601
2020-08-13,2.601
2020-08-14,2.601
2020-08-17,2.602
2020-08-18,2.6
2020-08-19,2.6
2020-08-20,2.601
2020-08-21,2.601
2020-08-24,2.604
2020-08-25,2.606
2020-08-26,2.612
2020-08-27,2.621
2020-08-28,2.63
2020-08-31,2.636
2020-09-01,2.64
2020-09-02,2.646
2020-09-03,2.654
2020-09-04,2.661
2020-09-07,2.676
2020-09-08,2.688
2020-09-09,2.693
2020-09-10,2.695
2020-09-11,2.697
2020-09-14,2.697
2020-09-15,2.696
2020-09-16,2.688
2020-09-17,2.686
2020-09-18,2.679
2020-09-21,2.673
2020-09-22,2.67
2020-09-23,2.67
2020-09-24,2.668
2020-09-25,2.668
2020-09-27,2.671
2020-09-28,2.673
2020-09-29,2.684
2020-09-30,2.691
2020-10-09,2.708
2020-10-10,2.715
2020-10-12,2.722
2020-10-13,2.734
2020-10-14,2.757
2020-10-15,2.774
2020-10-16,2.786
2020-10-19,2.803
2020-10-20,2.829
2020-10-21,2.855
2020-10-22,2.877
2020-10-23,2.895
2020-10-26,2.913
2020-10-27,2.933
2020-10-28,2.952
2020-10-29,2.96
2020-10-30,2.972
2020-11-02,2.982
2020-11-03,2.989
2020-11-04,2.993
2020-11-05,2.996
2020-11-06,3.001
2020-11-09,3.001
2020-11-10,3.002
2020-11-11,3.002
2020-11-12,3.002
2020-11-13,3.003
2020-11-16,3.002
2020-11-17,3.003
2020-11-18,3.009
2020-11-19,3.014
2020-11-20,3.021
2020-11-23,3.047
2020-11-24,3.069
2020-11-25,3.077
2020-11-26,3.113
2020-11-27,3.136
2020-11-30,3.123
2020-12-01,3.109
2020-12-02,3.103
2020-12-03,3.089
2020-12-04,3.083
2020-12-07,3.076
2020-12-08,3.073
2020-12-09,3.05
2020-12-10,3.024
2020-12-11,3.016
2020-12-14,3.0
2020-12-15,2.983
2020-12-16,2.952
2020-12-17,2.905
2020-12-18,2.855
2020-12-21,2.818
2020-12-22,2.796
2020-12-23,2.787
2020-12-24,2.776
2020-12-25,2.766
2020-12-28,2.761
2020-12-29,2.757
2020-12-30,2.755
2020-12-31,2.756
2021-01-04,2.746
2021-01-05,2.734
2021-01-06,2.707
2021-01-07,2.677
2021-01-08,2.645
2021-01-11,2.618
2021-01-12,2.599
2021-01-13,2.59
2021-01-14,2.582
2021-01-15,2.581
2021-01-18,2.578
2021-01-19,2.573
2021-01-20,2.575
2021-01-21,2.578
2021-01-22,2.578
2021-01-25,2.579
2021-01-26,2.589
2021-01-27,2.619
2021-01-28,2.705
2021-01-29,2.765
2021-02-01,2.773
2021-02-02,2.775
2021-02-03,2.776
2021-02-04,2.776
2021-02-05,2.779
2021-02-07,2.78
2021-02-08,2.791
2021-02-09,2.808
2021-02-10,2.812
2021-02-18,2.815
2021-02-19,2.824
2021-02-20,2.832
2021-02-22,2.845
2021-02-23,2.848
2021-02-24,2.843
2021-02-25,2.836
2021-02-26,2.833
2021-03-01,2.813
2021-03-02,2.804
2021-03-03,2.794
2021-03-04,2.781
2021-03-05,2.766
2021-03-08,2.749
2021-03-09,2.74
2021-03-10,2.737
2021-03-11,2.733
2021-03-12,2.719
2021-03-15,2.709
2021-03-16,2.705
2021-03-17,2.704
2021-03-18,2.703
2021-03-19,2.698
2021-03-22,2.694
2021-03-23,2.689
2021-03-24,2.681
2021-03-25,2.6685
2021-03-26,2.65
2021-03-29,2.642
2021-03-30,2.639
2021-03-31,2.635
2021-04-01,2.635
2021-04-02,2.634
2021-04-06,2.629
2021-04-07,2.62
2021-04-08,2.615
2021-04-09,2.612
2021-04-12,2.608
2021-04-13,2.605
2021-04-14,2.603
2021-04-15,2.602
2021-04-16,2.601
2021-04-19,2.6
2021-04-20,2.6
2021-04-21,2.6
2021-04-22,2.6
2021-04-23,2.6
2021-04-25,2.595
2021-04-26,2.594
2021-04-27,2.592
2021-04-28,2.592
2021-04-29,2.585
2021-04-30,2.58
2021-05-06,2.576
2021-05-07,2.569
2021-05-08,2.556
2021-05-10,2.542
2021-05-11,2.536
2021-05-12,2.532
2021-05-13,2.525
2021-05-14,2.521
2021-05-17,2.514
2021-05-18,2.51
2021-05-19,2.505
2021-05-20,2.497
2021-05-21,2.489
2021-05-24,2.49
2021-05-25,2.485
2021-05-26,2.479
2021-05-27,2.474
2021-05-28,2.476
2021-05-31,2.479
2021-06-01,2.478
2021-06-02,2.469
2021-06-03,2.454
2021-06-04,2.444
2021-06-07,2.446
2021-06-08,2.443
2021-06-09,2.442
2021-06-10,2.435
2021-06-11,2.434
2021-06-15,2.434
2021-06-16,2.439
2021-06-17,2.441
2021-06-18,2.444
2021-06-21,2.449
2021-06-22,2.457
2021-06-23,2.457
2021-06-24,2.455
2021-06-25,2.456
2021-06-28,2.457
2021-06-29,2.458
2021-06-30,2.458
2021-07-01,2.457
2021-07-02,2.449
2021-07-05,2.444
2021-07-06,2.442
2021-07-07,2.442
2021-07-08,2.435
2021-07-09,2.435
2021-07-12,2.428
2021-07-13,2.423
2021-07-14,2.414
2021-07-15,2.405
2021-07-16,2.404
2021-07-19,2.401
2021-07-20,2.402
2021-07-21,2.402
2021-07-22,2.402
2021-07-23,2.402
2021-07-26,2.402
2021-07-27,2.401
2021-07-28,2.401
2021-07-29,2.401
2021-07-30,2.401
2021-08-02,2.4
2021-08-03,2.394
2021-08-04,2.385
2021-08-05,2.373
2021-08-06,2.368
2021-08-09,2.36
2021-08-10,2.365
2021-08-11,2.363
2021-08-12,2.36
2021-08-13,2.359
2021-08-16,2.355
2021-08-17,2.355
2021-08-18,2.355
2021-08-19,2.354
2021-08-20,2.353
2021-08-23,2.353
2021-08-24,2.353
2021-08-25,2.354
2021-08-26,2.354
2021-08-27,2.354
2021-08-30,2.355
2021-08-31,2.357
2021-09-01,2.358
2021-09-02,2.356
2021-09-03,2.356
2021-09-06,2.355
2021-09-07,2.355
2021-09-08,2.357
2021-09-09,2.357
2021-09-10,2.357
2021-09-13,2.357
2021-09-14,2.361
2021-09-15,2.363
2021-09-16,2.365
2021-09-17,2.372
2021-09-18,2.378
2021-09-22,2.385
2021-09-23,2.39
2021-09-24,2.397
2021-09-26,2.404
2021-09-27,2.408
2021-09-28,2.417
2021-09-29,2.427
2021-09-30,2.431
2021-10-08,2.433
2021-10-09,2.425
2021-10-11,2.423
2021-10-12,2.423
2021-10-13,2.42
2021-10-14,2.423
2021-10-15,2.4222
2021-10-18,2.422
2021-10-19,2.428
2021-10-20,2.431
2021-10-21,2.432
2021-10-22,2.434
2021-10-25,2.438
2021-10-26,2.443
2021-10-27,2.445
2021-10-28,2.448
2021-10-29,2.449
2021-11-01,2.449
2021-11-02,2.45
2021-11-03,2.452
2021-11-04,2.451
2021-11-05,2.451
2021-11-08,2.452
2021-11-09,2.454
2021-11-10,2.454
2021-11-11,2.454
2021-11-12,2.454
2021-11-15,2.46
2021-11-16,2.463
2021-11-17,2.467
2021-11-18,2.473
2021-11-19,2.475
2021-11-22,2.477
2021-11-23,2.48
2021-11-24,2.482
2021-11-25,2.484
2021-11-26,2.486
2021-11-29,2.489
2021-11-30,2.492
2021-12-01,2.494
2021-12-02,2.496
2021-12-03,2.499
2021-12-06,2.492
2021-12-07,2.488
2021-12-08,2.489
2021-12-09,2.49
2021-12-10,2.492
2021-12-13,2.493
2021-12-14,2.493
2021-12-15,2.493
2021-12-16,2.491
2021-12-17,2.492
2021-12-20,2.492
2021-12-21,2.493
2021-12-22,2.494
2021-12-23,2.496
2021-12-24,2.5
2021-12-27,2.5
2021-12-28,2.5
2021-12-29,2.5
2021-12-30,2.501
2021-12-31,2.5
2022-01-04,2.5
2022-01-05,2.5
2022-01-06,2.5
2022-01-07,2.5
2022-01-10,2.5
2022-01-11,2.5
2022-01-12,2.5
2022-01-13,2.5
2022-01-14,2.5
2022-01-17,2.499
2022-01-18,2.493
2022-01-19,2.483
2022-01-20,2.471
2022-01-21,2.466
2022-01-24,2.465
2022-01-25,2.464
2022-01-26,2.46
2022-01-27,2.457
2022-01-28,2.457
2022-01-29,2.456
2022-01-30,2.456
2022-02-07,2.454
2022-02-08,2.448
2022-02-09,2.447
2022-02-10,2.442
2022-02-11,2.432
2022-02-14,2.424
2022-02-15,2.415
2022-02-16,2.41
2022-02-17,2.406
2022-02-18,2.4
2022-02-21,2.392
2022-02-22,2.385
2022-02-23,2.383
2022-02-24,2.379
2022-02-25,2.374
2022-02-28,2.37
2022-03-01,2.366
2022-03-02,2.365
2022-03-03,2.363
2022-03-04,2.362
2022-03-07,2.36
2022-03-08,2.361
2022-03-09,2.359
2022-03-10,2.362
2022-03-11,2.362
2022-03-14,2.362
2022-03-15,2.363
2022-03-16,2.366
2022-03-17,2.367
2022-03-18,2.368
2022-03-21,2.368
2022-03-22,2.369
2022-03-23,2.368
2022-03-24,2.369
2022-03-25,2.369
2022-03-28,2.37
2022-03-29,2.372
2022-03-30,2.371
2022-03-31,2.373
2022-04-01,2.372
2022-04-02,2.37
2022-04-06,2.37
2022-04-07,2.36
2022-04-08,2.363
2022-04-11,2.357
2022-04-12,2.351
2022-04-13,2.347
2022-04-14,2.343
2022-04-15,2.336
2022-04-18,2.331
2022-04-19,2.327
2022-04-20,2.323
2022-04-21,2.313
2022-04-22,2.305
2022-04-24,2.274
2022-04-25,2.262
2022-04-26,2.252
2022-04-27,2.242
2022-04-28,2.231
2022-04-29,2.217
2022-05-05,2.209
2022-05-06,2.202
2022-05-07,2.195
2022-05-09,2.186
2022-05-10,2.181
2022-05-11,2.173
2022-05-12,2.166
2022-05-13,2.155
2022-05-16,2.145
2022-05-17,2.109
2022-05-18,2.078
2022-05-19,2.067
2022-05-20,2.05
2022-05-23,2.021
2022-05-24,2.013
2022-05-25,2.009
2022-05-26,1.99
2022-05-27,1.995
2022-05-30,1.997
2022-05-31,1.998
2022-06-01,1.998
2022-06-02,1.999
2022-06-06,2.001
2022-06-07,2.003
2022-06-08,2.003
2022-06-09,2.003
2022-06-10,2.0
2022-06-13,2.002
2022-06-14,2.002
2022-06-15,2.002
2022-06-16,2.0
2022-06-17,2.0
2022-06-20,2.0
2022-06-21,2.0
2022-06-22,2.0
2022-06-23,2.0
2022-06-24,2.0
2022-06-27,2.0
2022-06-28,2.0
2022-06-29,2.0
2022-06-30,2.0
2022-07-01,2.0
2022-07-04,2.0
2022-07-05,2.0
2022-07-06,1.998
2022-07-07,1.995
2022-07-08,1.9925
2022-07-11,1.9895
2022-07-12,1.9855
2022-07-13,1.9835
2022-07-14,1.979
2022-07-15,1.977
2022-07-18,1.974
2022-07-19,1.948
2022-07-20,1.924
2022-07-21,1.909
2022-07-22,1.893
2022-07-25,1.881
2022-07-26,1.872
2022-07-27,1.863
2022-07-28,1.854
2022-07-29,1.846
2022-08-01,1.825
2022-08-02,1.799
2022-08-03,1.767
2022-08-04,1.729
2022-08-05,1.699
2022-08-08,1.667
2022-08-09,1.647
2022-08-10,1.637
2022-08-11,1.629
2022-08-12,1.622
2022-08-15,1.607
2022-08-16,1.599
2022-08-17,1.598
2022-08-18,1.598
2022-08-19,1.597
2022-08-22,1.5956
2022-08-23,1.594
2022-08-24,1.593
2022-08-25,1.593
2022-08-26,1.594
2022-08-29,1.596
2022-08-30,1.599
2022-08-31,1.6
2022-09-01,1.6
2022-09-02,1.6
2022-09-05,1.6
2022-09-06,1.6
2022-09-07,1.6
2022-09-08,1.601
2022-09-09,1.6
2022-09-13,1.599
2022-09-14,1.599
2022-09-15,1.599
2022-09-16,1.599
2022-09-19,1.601
2022-09-20,1.606
2022-09-21,1.607
2022-09-22,1.609
2022-09-23,1.612
2022-09-26,1.621
2022-09-27,1.634
2022-09-28,1.652
2022-09-29,1.666
2022-09-30,1.673
2022-10-08,1.676
2022-10-09,1.674
2022-10-10,1.679
2022-10-11,1.678
2022-10-12,1.671
2022-10-13,1.677
2022-10-14,1.68
2022-10-17,1.684
2022-10-18,1.686
2022-10-19,1.691
2022-10-20,1.697
2022-10-21,1.702
2022-10-24,1.71
2022-10-25,1.724
2022-10-26,1.734
2022-10-27,1.741
2022-10-28,1.743
2022-10-31,1.745
2022-11-01,1.75
2022-11-02,1.752
2022-11-03,1.752
2022-11-04,1.754
2022-11-07,1.769
2022-11-08,1.781
2022-11-09,1.807
2022-11-10,1.838
2022-11-11,1.868
2022-11-14,1.912
2022-11-15,2.009
2022-11-16,2.116
2022-11-17,2.213
2022-11-18,2.238
2022-11-21,2.241
2022-11-22,2.248
2022-11-23,2.25
2022-11-24,2.195
2022-11-25,2.188
2022-11-28,2.185
2022-11-29,2.186
2022-11-30,2.193
2022-12-01,2.197
2022-12-02,2.2
2022-12-05,2.201
2022-12-06,2.207
2022-12-07,2.231
2022-12-08,2.25
2022-12-09,2.259
2022-12-12,2.273
2022-12-13,2.283
2022-12-14,2.298
2022-12-15,2.321
2022-12-16,2.339
2022-12-19,2.355
2022-12-20,2.361
2022-12-21,2.384
2022-12-22,2.395
2022-12-23,2.402
2022-12-26,2.405
2022-12-27,2.411
2022-12-28,2.416
2022-12-29,2.418
2022-12-30,2.422
2023-01-03,2.415
2023-01-04,2.38
2023-01-05,2.352
2023-01-06,2.335
2023-01-09,2.331
2023-01-10,2.338
2023-01-11,2.347
2023-01-12,2.353
2023-01-13,2.353
2023-01-16,2.356
2023-01-17,2.366
2023-01-18,2.374
2023-01-19,2.376
2023-01-20,2.377
2023-01-28,2.373
2023-01-29,2.367
2023-01-30,2.365
2023-01-31,2.364
2023-02-01,2.362
2023-02-02,2.36
2023-02-03,2.357
2023-02-06,2.359
2023-02-07,2.36
2023-02-08,2.365
2023-02-09,2.37
2023-02-10,2.371
2023-02-13,2.371
2023-02-14,2.373
2023-02-15,2.379
2023-02-16,2.383
2023-02-17,2.385
2023-02-20,2.392
2023-02-21,2.397
2023-02-22,2.403
2023-02-23,2.406
2023-02-24,2.416
2023-02-27,2.423
2023-02-28,2.437
2023-03-01,2.45
2023-03-02,2.459
2023-03-03,2.466
2023-03-06,2.469
2023-03-07,2.476
2023-03-08,2.486
2023-03-09,2.491
2023-03-10,2.497
2023-03-13,2.498
2023-03-14,2.499
2023-03-15,2.5
2023-03-16,2.5
2023-03-17,2.5
2023-03-20,2.492
2023-03-21,2.487
2023-03-22,2.479
2023-03-23,2.476
2023-03-24,2.473
2023-03-27,2.468
2023-03-28,2.464
2023-03-29,2.456
2023-03-30,2.454
2023-03-31,2.448
2023-04-03,2.429
2023-04-04,2.423
2023-04-06,2.414
2023-04-07,2.41
2023-04-10,2.414
2023-04-11,2.415
2023-04-12,2.418
2023-04-13,2.421
2023-04-14,2.422
2023-04-17,2.424
2023-04-18,2.426
2023-04-19,2.432
2023-04-20,2.429
2023-04-21,2.429
2023-04-23,2.429
2023-04-24,2.43
2023-04-25,2.43
2023-04-26,2.43
2023-04-27,2.43
2023-04-28,2.428
2023-05-04,2.414
2023-05-05,2.401
2023-05-06,2.393
2023-05-08,2.386
2023-05-09,2.377
2023-05-10,2.363
2023-05-11,2.349
2023-05-12,2.325
2023-05-15,2.311
2023-05-16,2.294
2023-05-17,2.288
2023-05-18,2.278
2023-05-19,2.269
2023-05-22,2.262
2023-05-23,2.255
2023-05-24,2.252
2023-05-25,2.243
2023-05-26,2.238
2023-05-29,2.233
2023-05-30,2.223
2023-05-31,2.219
2023-06-01,2.213
2023-06-02,2.199
2023-06-05,2.193
2023-06-06,2.186
2023-06-07,2.181
2023-06-08,2.177
2023-06-09,2.161
2023-06-12,2.148
2023-06-13,2.134
2023-06-14,2.12
2023-06-15,2.106
2023-06-16,2.105
2023-06-19,2.114
2023-06-20,2.126
2023-06-21,2.135
2023-06-25,2.144
2023-06-26,2.148
2023-06-27,2.155
2023-06-28,2.161
2023-06-29,2.167
